Node,Type,Tax_ID,Community,Embedding_Mean,Embedding_Std,Embedding_Min,Embedding_Max,Embedding_L2_Norm,Community_Size,Betweenness_Centrality,Eigenvector_Centrality,PageRank,Degree_Centrality,Closeness_Centrality,Avg_Similarity_To_Others,Max_Similarity_To_Others
Nyíregyházi Egyetem,Issuer,19308708415,0,-0.017653637,0.20602526,-0.47933903,0.4758194,2.339451,18,0.0,0.02961419954067325,0.0021660699417597688,0.004975124378109453,0.21196832737719853,0.457293,-1.1920929e-07
SDA Informatika Zártkörűen Működő Részvénytársaság,Winner,"11684057243,HU11684057",0,-0.014670332,0.21248975,-0.49377307,0.516761,2.40977,18,0.1327743114640143,0.2147219827168749,0.04185900251189961,0.12437810945273632,0.2851531814611155,0.43552732,-5.9604645e-08
Semmelweis Egyetem,Issuer,19308674242,1,-0.027848717,0.18347332,-0.4267532,0.4850857,2.0995395,16,0.03056242334647413,0.15488840444437704,0.006323352210302139,0.01990049751243781,0.2925437606782502,0.47691596,-1.7881393e-07
"B+N Referencia Ipari, Kereskedelmi és Szolgáltató Zrt.",Winner,"23480874205,HU23480874",2,0.0106966235,0.2072981,-0.5477841,0.5435488,2.3484304,20,0.1658708362764741,0.26388522870636083,0.05287706711802814,0.15422885572139303,0.3016653924143204,0.45666534,0.0
BKM Budapesti Közművek Nonprofit Zártkörűen Működő Részvénytársaság,Issuer,10941362244,3,0.00012388267,0.21030219,-0.46787143,0.52308357,2.379298,13,0.0149348085314532,0.0791721901898652,0.0050315268915058125,0.014925373134328358,0.25129454766981424,0.44435316,0.0
Generali Biztosító Zrt.,Winner,"10308024444,17780058",4,-0.008112114,0.20946279,-0.49712428,0.4061801,2.3715775,22,0.17038917996499095,0.24686736620414446,0.052935326925283445,0.14925373134328357,0.29768738723962607,0.44020715,2.3841858e-07
Digitális Kormányzati Ügynökség Zártkörűen Működő Részvénytársaság,Issuer,EKRSZ_44899914,8,0.033240024,0.23608163,-0.51934224,0.5996349,2.697304,16,0.002725887951066407,0.013426725414146093,0.003819352499218347,0.009950248756218905,0.20616097594220678,0.40395224,-1.7881393e-07
Oracle Hungary Kft.,Winner,10845606-2-44,6,0.04878728,0.22902301,-0.5611982,0.5165333,2.649238,27,0.05389336875760452,0.07351303969473402,0.01894276996449091,0.05472636815920398,0.26610562120634546,0.40017247,0.0
Nagykanizsa Megyei Jogú Város Önkormányzata,Issuer,15734446220,4,-0.01408745,0.20978624,-0.47524026,0.47677964,2.3788056,22,0.0,0.03404764974170081,0.0022426982785919525,0.004975124378109453,0.21881706170279458,0.44762948,1.1920929e-07
MFB Magyar Fejlesztési Bank Zártkörűen Működő Részvénytársaság,Issuer,10644371244,6,0.036601078,0.20580858,-0.45970297,0.49597794,2.364993,27,0.004312305681022066,0.04546076312099609,0.0035849337681169717,0.009950248756218905,0.2339339571572191,0.42583328,-2.3841858e-07
Allianz Hungária Zrt.,Winner,"10337587444,HU17780089",7,0.0037232907,0.20385161,-0.652239,0.41894236,2.3067024,17,0.13624792574161443,0.25610642874345013,0.042151243917582,0.12935323383084577,0.3043769914472581,0.44416362,0.0
MÁV-HÉV Helyiérdekű Vasút Zártkörűen Működő Részvénytársaság,Issuer,25776005244,7,0.0073806643,0.1898188,-0.4320689,0.5110504,2.1491776,17,0.0035524701668165266,0.07171682423275264,0.003571030370951666,0.009950248756218905,0.24317371848120262,0.47542414,-2.3841858e-07
VOLÁNBUSZ Közlekedési Zártkörűen Működő Részvénytársaság,Issuer,10824346244,2,-0.009190194,0.19710153,-0.54834807,0.57517695,2.232372,20,0.007423668475239881,0.09384371142176527,0.0035586354955283997,0.009950248756218905,0.25701662465660313,0.46180686,-1.1920929e-07
T-Systems Magyarország Zártkörűen Működő Részvénytársaság,Winner,"12928099244,HU12928099,01-10-044852",6,-0.0027538612,0.19652075,-0.42484754,0.42438585,2.223597,27,0.20315670288327636,0.4165416300040854,0.05462506853027912,0.1691542288557214,0.3232643465251309,0.46726325,-2.3841858e-07
Budapesti Műszaki és Gazdaságtudományi Egyetem,Issuer,17783305543,0,-0.020171728,0.1971313,-0.42874596,0.44596472,2.241932,18,0.006166598500818669,0.06366184928237406,0.0036661939629259784,0.009950248756218905,0.24761930748451527,0.45997822,3.5762787e-07
Szerencsejáték Zártkörűen Működő Részvénytársaság,Issuer,10580204244,6,0.04640814,0.22052442,-0.5671215,0.5582891,2.5495973,27,0.0,0.010138819702010835,0.0022066226094038673,0.004975124378109453,0.20125967487968774,0.40555725,-1.7881393e-07
Belügyminisztérium Országos Katasztrófavédelmi Főigazgatóság,Issuer,15722720251,4,-0.005611186,0.21130502,-0.46448314,0.47449407,2.3914862,22,0.0,0.03404764974170081,0.0022426982785919525,0.004975124378109453,0.21881706170279458,0.44447628,-2.3841858e-07
MÁV Magyar Államvasutak Zártkörűen Működő Részvénytársaság,Issuer,10856417244,9,0.010799713,0.190884,-0.4855309,0.46967244,2.1630597,17,0.012187309668494016,0.08926251160775102,0.004977190975543524,0.014925373134328358,0.25701662465660313,0.4712871,-2.9802322e-07
Információs Hivatal,Issuer,15720917251,7,-0.0055443114,0.18589531,-0.41011193,0.5726872,2.1041007,17,0.015616137601258975,0.12681842376868396,0.004986925720594894,0.014925373134328358,0.27698928669535755,0.48144686,2.3841858e-07
Szegedi Tudományegyetem,Issuer,19308650206,7,-0.0133429095,0.17829175,-0.40023807,0.45546907,2.0227816,17,0.028689728734716084,0.15824891725062243,0.0063281467510346075,0.01990049751243781,0.29128550794415026,0.4938288,-2.9802322e-07
Magyar Állami Operaház,Issuer,15309439242,3,0.025429728,0.194383,-0.48444614,0.5078558,2.217932,13,0.003099021109060198,0.04901599038521114,0.003568492998612994,0.009950248756218905,0.23153463451970915,0.45136428,-3.5762787e-07
Invitech ICT Services Korlátolt Felelősségű Társaság,Winner,"25836965244,HU25836965,13-09-190552",3,0.015928939,0.22401433,-0.55309474,0.5450695,2.5408318,13,0.07004043399584035,0.09929067169820183,0.023838176666824182,0.06965174129353234,0.2725307066278267,0.41330537,2.3841858e-07
Északi Agrárszakképzési Centrum,Issuer,15823254215,10,0.044759408,0.3649599,-0.7326708,0.77098846,4.1599865,11,0.0,9.416613147471544e-14,0.002903626796460366,0.004975124378109453,0.026184865147944488,0.35012484,-1.1920929e-07
TÖMB 2002 Szolgáltató Korlátolt Felelősségű Társaság,Winner,"22757937209,HU22757937",10,0.038481526,0.3770137,-0.75736356,0.90318197,4.287585,11,0.002238805970149254,2.977794539056718e-13,0.025419177579950804,0.04975124378109452,0.04975124378109453,0.3481962,0.0
Új Világ Nonprofit Szolgáltató Kft.,Issuer,12097926242,3,0.023231665,0.2158973,-0.42468262,0.65711504,2.4566998,13,0.0,0.013694046966225885,0.00219018183989989,0.004975124378109453,0.20491340573983335,0.41445413,-5.9604645e-08
Érd Megyei Jogú Város Önkormányzata,Issuer,15731254213,9,0.0021988936,0.21512625,-0.5449282,0.5459948,2.4340026,17,0.0,0.01754568737499835,0.002148734862017601,0.004975124378109453,0.19545131485429992,0.42767927,3.5762787e-07
UTIBER Közúti Beruházó Kft,Winner,"10554885243,HU10554885",9,0.0082877055,0.22339615,-0.5077589,0.5290626,2.5291777,17,0.07996815152063357,0.12721738039898398,0.02977137944258876,0.08955223880597014,0.2560449171909827,0.41783467,-1.7881393e-07
Dunántúli Regionális Vízmű Zártkörűen Működő Részvénytársaság|Északdunántúli Vízmű Zártkörűen Működő Részvénytársaság|Fővárosi Vízművek Zártkörűen Működő Részvénytársaság|ÉRV. Északmagyarországi Regionális Vízművek Zártkörűen Működő Részvénytársaság|ALFÖLDVÍZ Regionális Víziközmű-szolgáltató Zártkörűen Működő Részvénytársaság|DMRV Duna Menti Regionális Vízmű Zártkörűen Működő Társaság|Tiszamenti Regionális Vízművek Zártkörűen Működő Részvénytársaság,Issuer,11226002214|11186748211|10898824244|11069186205|13100887204|10863877244|11265832216,7,0.015265962,0.19252095,-0.41738835,0.48558328,2.1849627,17,0.0,0.03532194341898526,0.0021208854161388468,0.004975124378109453,0.2224101169031689,0.4562826,2.3841858e-07
Országos Rendőr-főkapitányság,Issuer,15720890251,9,-0.022730827,0.2005819,-0.5066336,0.43481463,2.2838504,17,0.0026845964522200045,0.048976180856936856,0.003489955892457315,0.009950248756218905,0.22537065090520772,0.44921914,1.1920929e-07
MG Építész Tervező és Szolgáltató Kft.,Winner,"13079909243,HU13079909",1,-0.00799796,0.2061003,-0.497869,0.5324907,2.3335137,16,0.09869968299074766,0.2278916091261489,0.034706456220978954,0.10945273631840796,0.29003803253539584,0.43660116,-5.9604645e-08
Berettyóújfalui Tankerületi Központ,Issuer,15835365209,10,0.04347465,0.36598158,-0.7492905,0.8089469,4.16972,11,0.0,9.416613147471544e-14,0.002903626796460366,0.004975124378109453,0.026184865147944488,0.35366768,1.1920929e-07
Budapest Környéki Törvényszék,Issuer,15311409242,3,0.016413173,0.20672686,-0.46081963,0.54512846,2.3462076,13,0.0039411855247063025,0.031239734341224235,0.0035963424444917483,0.009950248756218905,0.22612314055764585,0.43595514,0.0
Városliget Ingatlanfejlesztő Zártkörűen Működő Részvénytársaság,Issuer,24819699244,2,0.009913121,0.20148449,-0.51404065,0.48468527,2.282294,20,0.0,0.03639488081376739,0.002192719212238562,0.004975124378109453,0.2209588273964598,0.457796,2.3841858e-07
Nemzeti Kommunikációs Hivatal,Issuer,15827186241,8,0.01995131,0.27315828,-0.5701677,0.70515317,3.0986655,16,0.017724160757245328,0.005766519388214803,0.007735588485794833,0.01990049751243781,0.1948888650273811,0.37765247,-1.1920929e-07
"LOUNGE DESIGN Szolgáltató Korlátolt Felelősségű Társaság|New Land Media Reklám, Szolgáltató és Kereskedelmi Korlátolt Felelősségű Társaság",Winner,"22715544241,HU22715544|24670827244,HU24670827",8,0.02185673,0.2612637,-0.50390726,0.64314306,2.9661865,16,0.0420871348241883,0.016054310224262933,0.013157696230341027,0.03482587064676617,0.20870225145459145,0.3870347,0.0
ELI-HU Nonprofit Kft.,Issuer,22604255206,0,-0.009113313,0.19141047,-0.50191784,0.47067696,2.1680155,18,0.0062761862007608155,0.06600908035444064,0.003616214896572588,0.009950248756218905,0.2449326603870341,0.46456274,-1.7881393e-07
Óbudai Egyetem,Issuer,19308760241,8,0.004990521,0.22037017,-0.47546107,0.5593744,2.4938428,16,0.016641403506577723,0.0318283859121684,0.0037640769037150423,0.009950248756218905,0.22612314055764585,0.40512478,4.7683716e-07
Budapesti Gazdasági Egyetem,Issuer,19308722241,1,-0.0181004,0.18166208,-0.5200696,0.39224896,2.0654485,16,0.015113954617931703,0.09509234276431255,0.005007414993365692,0.014925373134328358,0.2630053615418056,0.48301363,1.1920929e-07
"New Land Media Reklám, Szolgáltató és Kereskedelmi Korlátolt Felelősségű Társaság|LOUNGE DESIGN Szolgáltató Korlátolt Felelősségű Társaság",Winner,"24670827244,HU24670827|22715544241,HU22715544",8,0.031633914,0.29570276,-0.59875613,0.7449833,3.364584,16,0.00041334642416731996,0.0011219905948608362,0.004125929011067636,0.009950248756218905,0.15804872951462062,0.36521107,0.0
Országos Onkológiai Intézet,Issuer,15309769243,2,0.011285972,0.19819245,-0.47011173,0.48091725,2.2459242,20,0.0,0.03639488081376739,0.002192719212238562,0.004975124378109453,0.2209588273964598,0.4693181,-1.7881393e-07
Nitrokémia Környezetvédelmi Tanácsadó és Szolgáltató Zártkörűen működő részvénytársaság,Issuer,11327646219,8,0.017820004,0.26379612,-0.5905456,0.57535076,2.9913144,16,0.0,0.003287905712135258,0.002355304147240222,0.004975124378109453,0.18229846728671584,0.38115144,-2.9802322e-07
"""ANTENNA HUNGÁRIA"" Magyar Műsorszóró és Rádióhírközlési Zártkörűen Működő Részvénytársaság",Winner,"10834730244,HU10834730",8,0.022903016,0.25445038,-0.5201135,0.5420416,2.8904154,16,0.04213056694749314,0.023839449797047104,0.011381946803782558,0.029850746268656716,0.2339339571572191,0.38046294,3.5762787e-07
HEPA Magyar Exportfejlesztési Ügynökség Nonprofit Zrt,Issuer,24220099241,6,-0.008528051,0.18443072,-0.4224326,0.43708834,2.088825,27,0.0,0.05744883060799789,0.0021084905407155806,0.004975124378109453,0.23232892143058295,0.47300094,1.1920929e-07
NIF Nemzeti Infrastruktúra Fejlesztő zártkörűen működő Részvénytársaság,Issuer,11906522241,9,0.0046820203,0.22153927,-0.5668423,0.50679016,2.5069907,17,0.0,0.01754568737499835,0.002148734862017601,0.004975124378109453,0.19545131485429992,0.42886707,-3.5762787e-07
Fővárosi Csatornázási Művek Zrt.,Issuer,10893850244,6,0.04823096,0.22597627,-0.5264453,0.5837034,2.6142135,27,0.0,0.010138819702010835,0.0022066226094038673,0.004975124378109453,0.20125967487968774,0.4156709,-5.9604645e-08
"Szociális és Gyermekvédelmi Főigazgatóság|Vas Megyei Egyesített Szociális Intézmény|Bács-Kiskun Megyei ""Bárka"" Integrált Szociális Intézmény|Somogy Megyei II. Rákóczi Ferenc Gyermekotthon|Veszprém Megyei Fogyatékos Személyek, Pszichiátriai és Szenvedélybetegek Integrált Intézménye|Zala Megyei Szivárvány Egyesített Szociális Intézmény|Pest Megyei Gyermekvédelmi Központ|Komárom-Esztergom Megyei Mentálhigiénés és Rehabilitációs Intézmmény|Győr-Moson-Sopron Megyei Gyermekvédelmi Központ|Szabolcs-Szatmár-Bereg Megyei Gyermekvédelmi Központ|Pest Megyei Őszirózsa Egyesített Szociális Intézmény|Heves Megyei Harmónia Egyesített Szociális Intézmény|Győr-Moson-Sopron Megyei Alpokalja Szociális Központ|JÁSZ-NAGYKUN-SZOLNOK MEGYEI GYERMEKVÉDELMI KÖZPONT ÉS TERÜLETI GYERMEKVÉDELMI SZAKSZOLGÁLAT|Mozgássérült Emberek Rehabilitációs Központja|Békés Megyei Körös-menti Szociális Centrum|Csongrád-Csanád Megyei Szivárvány Otthon|EMMI Speciális Gyermekotthoni Központ, Általános Iskola és Szakiskola|Észak-Borsodi Integrált Szociális Intézmény|Kéthelyi Integrált Szociális Otthon|Bácsborsódi ""Őszi Napfény"" Integrált Szociális Intézmény|Csongrád-Csanád Megyei Gesztenyeliget Otthon|Országos Gyermekvédelmi Szakszolgálat|Komárom-Esztergom Megyei Gyermekvédelmi Központ és Általános Iskola|Ipolypart Ápoló Gondozó Otthon és Rehabilitációs Intézet|VAKOK ÁLLAMI INTÉZETE|Veszprém Megyei Gyermekvédelmi Központ, Általános Iskola, Szakiskola, Készségfejlesztő Iskola|""Tóparti Otthon"" Jász-Nagykun-Szolnok Megyei Fogyatékosok Otthona és Rehabilitációs Intézménye|Szabolcs-Szatmár-Bereg Megyei ""Harmónia"" Egyesített Szociális Intézmény|Csongrád-Csanád Megyei Napsugár Otthon|Szentgotthárdi Szakosított Otthon|Somogy Megyei Gyermekvédelmi Központ és Területi Gyermekvédelmi Szakszolgálat|Abaúj-Zempléni Integrált Szociális Intézmény|Fővárosi Gyermekvédelmi Intézmények Üzemetetési Szervezete|Reménysugár Habilitációs Intézet|Somogy Megyei Szeretet Szociális Otthon|Pest Megyei Borostyán Egyesített Szociális Intézmény|Nógrád Megyei Gyermekvédelmi Központ és Területi Gyermekvédelmi Szakszolgálat|Borsod-Abaúj-Zemplén Megyei Gyermekvédelmi Központ|Fejér Megyei Integrált Szociális Intézmény|Békés Megyei Hajnal István Szociális Szolgáltató Centrum|Somogy Megyei Gondviselés Szociális Otthon|""Harmónia"" Integrált Szociális Intézmény|Pest Megyei Zöldliget Egyesített Szociális Intézmény|Károlyi István Gyermekközpont|Heves Megyei Gyermekvédelmi Központ|Emberi Erőforrások Minisztériuma Aszódi Javítóintézet, Általános Iskola, Szakiskola, Speciális Szakiskola|Bács-Kiskun Megyei ""Platán"" Integrált Szociális Intézmény|Fejér Megyei Gyermekvédelmi Központ|Békés Megyei Szociális és Gyermekvédelmi Központ|Pest Megyei Viktor Egyesített Szociális Intézmény|Dr. Csiba László Integrált Szociális Intézmény|Vas Megyei Gyermekvédelmi Központ, Általános Iskola és Területi Gyermekvédelmi Szakszolgálat|Tolna Megyei Integrált Szociális Intézmény|Szabolcs-Szatmár-Bereg Megyei ""Viktória"" Egyesített Szociális Intézmény|Pest Megyei Kőris Egyesített Szociális Intézmény|Bihari Egyesített Szociális Intézmény|Komárom-Esztergom Megyei Integrált Szociális Intézmény|Baranya Megyei Dél-Zselic Egyesített Szociális Intézmény|Debreceni Szociális Szolgáltató Központ|Vas Megyei Szakosított Szociális Intézmény|Bélapátfalvai Idősek Otthona és Támogatott Lakhatás|Zala Megyei Fagyöngy Egyesített Szociális Intézmény|Győr-Moson-Sopron Megyei Gondoskodás Szociális Központ",Issuer,15802107241|15420143118|15492973203|15492887114|15426259219|15432821220|15395979242|15387769111|15579041108|15442497215|15395041113|16748693210|15369691208|15576347116|15324047241|15343343204|15761677206|15308672211|15837965205|15492935114|15336440203|15357944106|15372246109|15492849111|15450119212|15324030242|15568151119|15576464216|15402989215|15761684206|15492966218|15761811114|15834766205|15494353242|15309965243|15399605214|15566795213|15452795112|15473574205|15363750207|15343226204|15399636114|15341671203|15391054213|15308610213|15761859210|15308641213|15766696203|15360197107|15342342204|15395474213|15791234205|15420260118|15768650117|15402958215|15395199213|16733572209|15388045111|15332329202|16733558209|15423005118|16748916210|15492904220|16714867208,4,-0.010514844,0.20195332,-0.39869553,0.41368255,2.2879357,22,0.0,0.03404764974170081,0.0022426982785919525,0.004975124378109453,0.21881706170279458,0.46211296,-5.9604645e-08
MÁV-START Vasúti Személyszállító Zrt.,Issuer,13834492244,9,0.008563731,0.20236956,-0.4771317,0.48809773,2.2915993,17,0.012187309668494016,0.08926251160775102,0.004977190975543524,0.014925373134328358,0.25701662465660313,0.46060812,-4.172325e-07
HungaroControl Magyar Légiforgalmi Szolgálat Zártkörűen Működő Részvénytársaság,Issuer,13851325444,7,0.005004403,0.1861187,-0.42659232,0.48336127,2.106454,17,0.0035786668635223663,0.09277077402698314,0.003486801699428685,0.009950248756218905,0.2503655474935857,0.47839522,0.0
Biatorbágy Város Önkormányzata|Herceghalom Község Önkormányzat|Páty Község Önkormányzata|ETYEK NAGYKÖZSÉG ÖNKORMÁNYZATA,Issuer,15730088213|15734745213|15730208213|15727062207,5,0.043972854,0.3057257,-0.6517047,0.74869126,3.494486,25,0.0,9.841662692287835e-08,0.002770959409688957,0.004975124378109453,0.060971737059383926,0.33759066,-1.1920929e-07
Inter-Ambulance Egészségügyi és Szolgáltató Zártkörűen Működő Részvénytársaság,Winner,"24672331242,HU24672331",5,0.041447934,0.31348813,-0.67718077,0.833243,3.5775788,25,0.013731343283582088,4.821409954698343e-07,0.05725935040508882,0.11940298507462686,0.11940298507462686,0.33306718,-2.9802322e-07
Országgyűlés Hivatala,Issuer,15300014241,6,-0.0006571803,0.19560464,-0.5191231,0.50027674,2.2130263,27,0.03724637112864495,0.1354130246057146,0.006363904877946238,0.01990049751243781,0.2815961771185652,0.44558007,0.0
Pécsi Tudományegyetem,Issuer,15329798202,9,-0.017734986,0.18236516,-0.4954982,0.45680863,2.07296,17,0.031100979036364235,0.13603921100560798,0.006279367860081179,0.01990049751243781,0.27812681970026665,0.48343953,-2.3841858e-07
Tokaj-Hegyalja Egyetem,Issuer,19308832205,0,-0.017631194,0.20500511,-0.4999031,0.50751764,2.32793,18,0.0,0.02961419954067325,0.0021660699417597688,0.004975124378109453,0.21196832737719853,0.437728,-2.3841858e-07
Győr-Sopron-Ebenfurti Vasút Zártkörűen Működő Részvénytársaság,Issuer,10008676208,9,0.0149294175,0.19522545,-0.46574655,0.45857188,2.2151728,17,0.012187309668494016,0.08926251160775102,0.004977190975543524,0.014925373134328358,0.25701662465660313,0.46378922,-1.1920929e-07
Magyar Posta Zártkörűen Működő Részvénytársaság,Issuer,10901232244,6,-0.012084888,0.19480537,-0.386216,0.46930397,2.208208,27,0.0,0.05744883060799789,0.0021084905407155806,0.004975124378109453,0.23232892143058295,0.4636534,1.1920929e-07
Soproni Egyetem,Issuer,19253086208,0,-0.011182892,0.2088401,-0.4996381,0.46356502,2.366141,18,0.0,0.02961419954067325,0.0021660699417597688,0.004975124378109453,0.21196832737719853,0.43505177,-3.5762787e-07
Nemzeti Szakképzési és Felnőttképzési Hivatal|Szerencsi Szakképzési Centrum|Bajai Szakképzési Centrum|Esztergomi Szakképzési Centrum|Mátészalkai Szakképzési Centrum|Tatabányai Szakképzési Centrum|Érdi Szakképzési Centrum|Szolnoki Szakképzési Centrum|Tolna Megyei Szakképzési Centrum|Hódmezővásárhelyi Szakképzési Centrum|Miskolci Szakképzési Centrum|Baranya Megyei Szakképzési Centrum|Nógrád Megyei Szakképzési Centrum|Veszprémi Szakképzési Centrum|Ceglédi Szakképzési Centrum|Budapesti Komplex Szakképzési Centrum|Vas Megyei Szakképzési Centrum|Dunaújvárosi Szakképzési Centrum|Berettyóújfalui Szakképzési Centrum|Ózdi Szakképzési Centrum|Kisvárdai Szakképzési Centrum|Nagykanizsai Szakképzési Centrum|Siófoki Szakképzési Centrum|Szegedi Szakképzési Centrum|Kaposvári Szakképzési Centrum|Székesfehérvári Szakképzési Centrum|Gyulai Szakképzési Centrum|Debreceni Szakképzési Centrum|Karcagi Szakképzési Centrum|Pápai Szakképzési Centrum|Zalaegerszegi Szakképzési Centrum|Budapesti Gépészeti Szakképzési Centrum|Váci Szakképzési Centrum|Budapesti Gazdasági Szakképzési Centrum|Budapesti Műszaki Szakképzési Centrum|Soproni Szakképzési Centrum|Nyíregyházi Szakképzési Centrum|Győri Szakképzési Centrum|Békéscsabai Szakképzési Centrum|Heves Megyei Szakképzési Centrum|Kiskunhalasi Szakképzési Centrum|Kecskeméti Szakképzési Centrum,Issuer,15830731242|15832173205|15831828203|15845388211|15832049215|15845395211|15831945113|15832180216|15832166217|15831983206|15832056205|15832104202|15832111212|15832238219|15831907213|15831873243|15832207218|15831921207|15831842209|15832087205|15832032215|15832063220|15832128214|15832142206|15831990214|15832159207|15831976204|15831914209|15832001216|15832094219|15832245220|15831866241|15832221113|15831859242|15831880242|15832135208|15832070215|15831952208|15831835204|15831938210|15832025203|15832018203,4,-0.0031375187,0.20729636,-0.42681885,0.44900692,2.3455594,22,0.0,0.03404764974170081,0.0022426982785919525,0.004975124378109453,0.21881706170279458,0.4597897,0.0
Országos Bírósági Hivatal,Issuer,15795960241,6,-0.007058519,0.1890204,-0.387768,0.4066019,2.1400123,27,0.0,0.05744883060799789,0.0021084905407155806,0.004975124378109453,0.23232892143058295,0.47199148,1.1920929e-07
Budapest Főváros Főpolgármesteri Hivatal,Issuer,15490012241,3,0.02648184,0.22464292,-0.45211795,0.606042,2.559143,13,0.0,0.013694046966225885,0.00219018183989989,0.004975124378109453,0.20491340573983335,0.41587153,2.3841858e-07
Nemzeti Védelmi Szolgálat,Issuer,15722603251,6,0.019079559,0.20678797,-0.5095902,0.5585038,2.349476,27,0.0032815005925536864,0.06758765031000873,0.0035725388926937055,0.009950248756218905,0.23888494037747768,0.44054443,-1.1920929e-07
Szociális és Gyermekvédelmi Főigazgatóság,Issuer,15802107241,4,-0.009389641,0.19412042,-0.39949015,0.4090238,2.1987896,22,0.0,0.03404764974170081,0.0022426982785919525,0.004975124378109453,0.21881706170279458,0.45823684,-1.7881393e-07
Nyugat-dunántúli Vízügyi Igazgatóság,Issuer,15308421218,9,-0.000764668,0.21181692,-0.48800504,0.4999025,2.3964505,17,0.0,0.01754568737499835,0.002148734862017601,0.004975124378109453,0.19545131485429992,0.44447267,-1.1920929e-07
Magyar Államkincstár,Issuer,15329970241,4,-0.0060258703,0.19471793,-0.42613235,0.38362867,2.2040365,22,0.006278535805745906,0.09149648034969869,0.0036086145618817902,0.009950248756218905,0.2550805295556118,0.47115,3.5762787e-07
Magyar Nemzeti Bank,Issuer,10011953244,6,0.032168955,0.19075975,-0.40856743,0.42078024,2.1886725,27,0.05020320958171965,0.1506512904369207,0.007898581655047166,0.02487562189054726,0.29768738723962607,0.4462094,2.3841858e-07
Testnevelési Egyetem,Issuer,19308715243,0,-0.014159664,0.20418778,-0.5157886,0.47264206,2.315669,18,0.0,0.02961419954067325,0.0021660699417597688,0.004975124378109453,0.21196832737719853,0.45926374,2.3841858e-07
BUDAPEST FŐVÁROS XX. KERÜLET PESTERZSÉBET ÖNKORMÁNYZATA|Budapest Főváros XXIII. Kerület Soroksár Önkormányzata,Issuer,15735832243|15735863243,5,0.04447424,0.30408534,-0.6661131,0.74139476,3.476934,25,0.0,9.841662692287835e-08,0.002770959409688957,0.004975124378109453,0.060971737059383926,0.34146532,0.0
Budapest Főváros XIII. Kerületi Önkormányzat,Issuer,15735760241,7,0.010127067,0.19623388,-0.4877208,0.48758647,2.2230873,17,0.0,0.03532194341898526,0.0021208854161388468,0.004975124378109453,0.2224101169031689,0.45810035,-2.9802322e-07
"Nemzeti Kutatási, Fejlesztési és Innovációs Hivatal",Issuer,15831000142,0,-0.018840883,0.19633402,-0.49351022,0.47055832,2.23147,18,0.0,0.02961419954067325,0.0021660699417597688,0.004975124378109453,0.21196832737719853,0.45534232,4.7683716e-07
Széchenyi István Egyetem,Issuer,19253079408,7,-0.0016124127,0.19448462,-0.42268497,0.5361366,2.200418,17,0.007992419623176645,0.06493614295965851,0.0035443811004728727,0.009950248756218905,0.24582170815613405,0.46010643,-1.7881393e-07
Békéscsaba Megyei Jogú Város Önkormányzata,Issuer,15725369204,9,-0.009467624,0.19505353,-0.44389468,0.50307304,2.209377,17,0.0026845964522200045,0.048976180856936856,0.003489955892457315,0.009950248756218905,0.22537065090520772,0.45636153,-1.7881393e-07
Markusovszky Egyetemi Oktatókórház,Issuer,15813860218,6,-0.0052504856,0.19276823,-0.4685542,0.43556303,2.1817324,27,0.0,0.05744883060799789,0.0021084905407155806,0.004975124378109453,0.23232892143058295,0.4751946,1.1920929e-07
Veszprém Megyei Önkormányzat,Issuer,15734295119,1,-0.015032151,0.19636229,-0.5412478,0.5302595,2.2280858,16,0.0,0.0314304934819385,0.0020837952878654566,0.004975124378109453,0.21465572296993637,0.45300514,-5.9604645e-08
NHKV Nemzeti Hulladékgazdálkodási Koordináló és Vagyonkezelő Zártkörűen Működő Részvénytársaság,Issuer,25456790244,6,-0.011682856,0.18541552,-0.4025601,0.409777,2.1018975,27,0.0,0.05744883060799789,0.0021084905407155806,0.004975124378109453,0.23232892143058295,0.47650924,-1.1920929e-07
Szeged Megyei Jogú Város Önkormányzata|Szegedi Hulladékgazdálkodási Nonprofit Kft.|Szegedi Nemzeti Színház|Regionális Információtechnológiai Központ Zrt.|Szegedi Környezetgazdálkodási Nonprofit Kft.|Szeged Pólus Fejlesztési Nonprofit Kft.|Szeged és Térsége Turisztikai Nonprofit Kft.|Móra Ferenc Múzeum|Szegedi Közlekedési Kft.|Somogyi Károly Városi és Megyei Könyvtár|Szeged Megyei Jogú Város Polgármesteri Hivatal|Szegedi Vadaspark és Programszervező Közhasznú Nonprofit Kft.|Szegedi Rendezvény- és Médiaközpont Nonprofit Kft.|Szegedi Távfűtő Korlátolt Felelősségű Társaság|Szegedi Sport és Fürdők Szolgáltató Korlátolt Felelősségű Társaság|Nevelési és Kulturális Intézmények Gazdasági Szolgálata|Szegedi Városkép és Piac KFT|Szeged Megyei Jogú Város Önkormányzata Bölcsődéi és Gyermekjóléti Központja|IKV Ingatlankezelő és Vagyongazdálkodó Zrt.,Issuer,15735629206|25595417206|15484828206|11990778206|18455058206|22247067206|20353434206|15355935206|11092612206|15484684206|15484000206|23565524206|18457627206|25571642206|11090081206|15484990206|11099224206|15484079206|12460377206,7,0.009689774,0.19708158,-0.44843924,0.47903934,2.2324169,17,0.0,0.03532194341898526,0.0021208854161388468,0.004975124378109453,0.2224101169031689,0.45253286,2.3841858e-07
NISZ Nemzeti Infokommunikációs Szolgáltató Zrt.,Issuer,10585560244,6,-0.006518202,0.18209068,-0.3940598,0.4499808,2.0614405,27,0.0,0.05744883060799789,0.0021084905407155806,0.004975124378109453,0.23232892143058295,0.47846508,-5.9604645e-08
Hajdúböszörményi Tankerületi Központ,Issuer,15835145209,10,0.0443665,0.36804044,-0.75775087,0.782465,4.194048,11,0.0,9.416613147471544e-14,0.002903626796460366,0.004975124378109453,0.026184865147944488,0.34925583,0.0
BKK Budapesti Közlekedési Központ Zártkörűen Működő Részvénytársaság,Issuer,23028966444,3,-0.0039290767,0.18888925,-0.455534,0.47078744,2.1375003,13,0.02461527857924585,0.12011905843116061,0.006303479758221299,0.01990049751243781,0.26821338850302945,0.45696998,-5.9604645e-08
BIOKOM Pécsi Városüzemeltetési és Környezetgazdálkodási Nonprofit Korlátolt Felelősségű Társaság,Issuer,11014959202,4,-0.010481156,0.20659906,-0.49310115,0.4540677,2.3404074,22,0.0,0.03404764974170081,0.0022426982785919525,0.004975124378109453,0.21881706170279458,0.45769176,2.3841858e-07
Budapest Főváros III. kerület Óbuda-Békásmegyer Önkormányzat,Issuer,15735667241,1,-0.0230747,0.19663937,-0.51000977,0.4747884,2.2399852,16,0.0,0.0314304934819385,0.0020837952878654566,0.004975124378109453,0.21465572296993637,0.45430046,3.5762787e-07
Budapesti Corvinus Egyetem,Issuer,19156972244,0,-0.009843371,0.1911221,-0.56456,0.4560503,2.1651657,18,0.025653525715963042,0.10005673009614145,0.005116338917738797,0.014925373134328358,0.27474190911567925,0.45604977,-1.1920929e-07
Oroszlány Város Önkormányzata|Szákszend Község Önkormányzata|DAD KÖZSÉG ÖNKORMÁNYZATA|Kecskéd Község Önkormányzata|Bokod Község Önkormányzata|Kömlőd Község Önkormányzata,Issuer,15729631211|15729727211|15729923211|15729930211|15729916211|15729947211,5,0.044862367,0.3032713,-0.6616704,0.7210985,3.4684608,25,0.0,9.841662692287835e-08,0.002770959409688957,0.004975124378109453,0.060971737059383926,0.3382662,0.0
Nemzeti Adó-és Vámhivatal,Issuer,15789934251,4,-0.0038498892,0.20314987,-0.47828734,0.42503962,2.298791,22,0.013210741014383548,0.07044253055546819,0.0036928432334047715,0.009950248756218905,0.2503655474935857,0.44781193,1.1920929e-07
Dunaújvárosi Egyetem,Issuer,19308746207,0,-0.015604406,0.2053453,-0.5312878,0.45248613,2.329915,18,0.0,0.02961419954067325,0.0021660699417597688,0.004975124378109453,0.21196832737719853,0.44562364,-5.9604645e-08
ÉMI Építésügyi Minőségellenőrző Innovációs Nonprofit Kft.,Issuer,20783185213,3,0.020895902,0.21772833,-0.47224033,0.62798697,2.4746332,13,0.0,0.013694046966225885,0.00219018183989989,0.004975124378109453,0.20491340573983335,0.42063102,1.1920929e-07
MVK Miskolc Városi Közlekedési Zártkörűen Működő Részvénytársaság,Issuer,11072315205,4,0.0012129955,0.19489829,-0.43154347,0.43192744,2.2050653,22,0.0,0.03404764974170081,0.0022426982785919525,0.004975124378109453,0.21881706170279458,0.46117318,0.0
"BMSK Beruházási, Műszaki Fejlesztési, Sportüzemeltetési és Közbeszerzési Zrt.",Issuer,12464780251,9,0.005214597,0.21138217,-0.5622579,0.47210643,2.3922439,17,0.003991739870424621,0.05394056818876574,0.0035988798168304203,0.009950248756218905,0.23232892143058295,0.4613385,-5.9604645e-08
Békéscsabai Városgazdálkodási Kft.,Issuer,26200097204,2,0.008663818,0.19735378,-0.55884403,0.5312866,2.2349539,20,0.0,0.03639488081376739,0.002192719212238562,0.004975124378109453,0.2209588273964598,0.45780694,-2.9802322e-07
Cívis Ház Zártkörűen Működő Részvénytársaság,Issuer,12116229209,10,0.045630373,0.37017927,-0.75590855,0.81146467,4.219798,11,0.0,9.416613147471544e-14,0.002903626796460366,0.004975124378109453,0.026184865147944488,0.3557839,2.3841858e-07
Országos Kórházi Főigazgatóság,Issuer,15845883243,9,-0.008433947,0.19314438,-0.58557296,0.5568582,2.1872616,17,0.006816164247057339,0.07499451798299624,0.0035146511453074394,0.009950248756218905,0.24582170815613405,0.45514217,-5.9604645e-08
Fővárosi Állat - és Növénykert,Issuer,15490658242,2,0.013873359,0.1921878,-0.40322533,0.46578208,2.1800146,20,0.0035524701668165266,0.07171682423275264,0.003571030370951666,0.009950248756218905,0.24317371848120262,0.46383572,-2.3841858e-07
Közép- és Kelet-európai Történelem és Társadalom Kutatásáért Alapítvány,Issuer,18237010243,8,0.026846185,0.27434143,-0.5954463,0.678683,3.1186445,16,0.0017961455349515048,0.0023689295053925027,0.004094387027292661,0.009950248756218905,0.1670132690431934,0.376708,-5.9604645e-08
Hajdú-Bihar Megyei Kormányhivatal,Issuer,15789312209,10,0.04420066,0.36729243,-0.75458246,0.8005011,4.185421,11,0.0,9.416613147471544e-14,0.002903626796460366,0.004975124378109453,0.026184865147944488,0.3470549,2.3841858e-07
Miskolci Egyetem,Issuer,19253055405,1,-0.02173689,0.19292241,-0.50450015,0.43856364,2.1964784,16,0.003031741460916105,0.06104469302261175,0.003507290972199482,0.009950248756218905,0.23638352738923188,0.46566585,0.0
Pázmány Péter Katolikus Egyetem,Issuer,18055342242,0,-0.014814799,0.18520233,-0.4698124,0.4343623,2.1020184,18,0.0,0.02961419954067325,0.0021660699417597688,0.004975124378109453,0.21196832737719853,0.45959738,-5.9604645e-08
Nemzeti Közszolgálati Egyetem,Issuer,15795719251,1,-0.027215663,0.1858241,-0.43153605,0.42159092,2.124788,16,0.01026385036738766,0.11849352363060964,0.004873207255489321,0.014925373134328358,0.2630053615418056,0.48708525,2.3841858e-07
Pillér Informatikai Kft.,Issuer,10708754241,6,-0.005386172,0.18170753,-0.42692736,0.43399128,2.056689,27,0.0,0.05744883060799789,0.0021084905407155806,0.004975124378109453,0.23232892143058295,0.48745167,0.0
Közbeszerzési és Ellátási Főigazgatóság,Issuer,15329396241,2,0.011953698,0.2084701,-0.5774103,0.5324378,2.3624442,20,0.0,0.03639488081376739,0.002192719212238562,0.004975124378109453,0.2209588273964598,0.44981483,2.3841858e-07
Pécsi Vagyonhasznosító Zártkörűen Működő Részvénytársaság|Dél-Kom Dél-Dunántúli Kommunális Szolgáltató Nonprofit Korlátolt Felelősségű Társaság|Tüke Busz Közösségi Közlekedési Zártkörűen Működő Részvénytársaság|BIOKOM Pécsi Városüzemeltetési és Környezetgazdálkodási Nonprofit Korlátolt Felelősségű Társaság,Issuer,12568011202|11541587202|23071067202|11014959202,4,-0.011519465,0.19198704,-0.4119841,0.45471692,2.1759918,22,0.0,0.03404764974170081,0.0022426982785919525,0.004975124378109453,0.21881706170279458,0.46695557,-5.9604645e-08
Ferencvárosi Egészségügyi Szolgáltató Közhasznú Nonprofit Kft.,Issuer,14192247143,5,0.044308152,0.30487388,-0.66224635,0.72460407,3.4854906,25,0.0,9.841662692287835e-08,0.002770959409688957,0.004975124378109453,0.060971737059383926,0.33416906,0.0
Eszterházy Károly Egyetem,Issuer,15834481210,6,-0.01512012,0.18850674,-0.43741,0.40694183,2.1395597,27,0.004990158730222146,0.08706303014867113,0.003531986225049607,0.009950248756218905,0.2503655474935857,0.4821427,1.1920929e-07
BKV Vasúti Járműjavító Szolgáltató Korlátolt Felelősségű Társaság,Issuer,12282672242,2,0.01211717,0.20116003,-0.51429933,0.49446955,2.279991,20,0.0,0.03639488081376739,0.002192719212238562,0.004975124378109453,0.2209588273964598,0.4651215,-1.1920929e-07
Pannon Egyetem,Issuer,15308816219,0,-0.011639494,0.19770524,-0.43807378,0.50299966,2.2406523,18,0.006166598500818669,0.06366184928237406,0.0036661939629259784,0.009950248756218905,0.24761930748451527,0.45216903,1.1920929e-07
Helikon Kastélymúzeum Közhasznú Nonprofit Korlátolt Felelősségű Társaság,Issuer,18956339220,1,-0.023186484,0.20495844,-0.5526216,0.5602669,2.333631,16,0.0,0.0314304934819385,0.0020837952878654566,0.004975124378109453,0.21465572296993637,0.44276956,0.0
BKM Budapesti Közművek Nonprofit Zártkörűen Működő Részvénytársaság|DHK Hátralékkezelő és Pénzügyi Szolgáltató Zártkörűen Működő Részvénytársaság,Issuer,10941362244|12519536243,3,0.017120177,0.21560341,-0.49731532,0.6596766,2.446952,13,0.0,0.013694046966225885,0.00219018183989989,0.004975124378109453,0.20491340573983335,0.41915983,2.3841858e-07
Csongrád Megyei Dr. Bugyi István Kórház,Issuer,15355409206,6,-0.0092975,0.19117965,-0.40678197,0.43197963,2.165507,27,0.0,0.05744883060799789,0.0021084905407155806,0.004975124378109453,0.23232892143058295,0.47652814,3.5762787e-07
Péterfy Kórház - Rendelőintézet és Manninger Jenő Országos Traumatológiai Intézet,Issuer,15492320242,6,-0.001570031,0.19051313,-0.47413024,0.44582313,2.1554832,27,0.0,0.05744883060799789,0.0021084905407155806,0.004975124378109453,0.23232892143058295,0.47803202,-2.3841858e-07
Nemzeti Média- és Hírközlési Hatóság,Issuer,15775883241,8,0.02614044,0.22262043,-0.5144563,0.622237,2.5359666,16,0.032366673445566777,0.06980183668150387,0.005170545854648979,0.014925373134328358,0.2467172335046081,0.40621442,0.0
Médiaszolgáltatás - támogató és Vagyonkezelő Alap,Issuer,18091715444,8,0.0151009485,0.20038755,-0.43137485,0.48731375,2.2735546,16,0.0727666890861074,0.14380037644704513,0.008047263192883522,0.02487562189054726,0.2990016803400217,0.42711404,-1.7881393e-07
KAV Közlekedési Alkalmassági és Vizsgaközpont Nonprofit Korlátolt Felelősségű Társaság,Issuer,26580708241,8,0.017482497,0.25699332,-0.55477387,0.56538785,2.9142675,16,0.0,0.003287905712135258,0.002355304147240222,0.004975124378109453,0.18229846728671584,0.3754796,2.3841858e-07
Készenléti Rendőrség,Issuer,15720199251,2,0.008682814,0.1954843,-0.47600415,0.48230004,2.2138329,20,0.0,0.03639488081376739,0.002192719212238562,0.004975124378109453,0.2209588273964598,0.47630426,-3.5762787e-07
Fővárosi Csatornázási Művek Zrt.|Érd és Térsége Regionális Víziközmű Korlátolt Felelősségű Társaság|Fővárosi Csatornázási Művek Mélyépítő és Karbantartó Korlátolt Felelősségű Társaság|Szegedi Vízmű Zrt.|Érd és Térsége Csatorna-szolgáltató Korlátolt Felelősségű Társaság,Issuer,10893850244|10819067213|12181502243|12634048206|23921917213,4,-0.010184885,0.20324102,-0.46431336,0.415446,2.3022952,22,0.0,0.03404764974170081,0.0022426982785919525,0.004975124378109453,0.21881706170279458,0.46168232,0.0
Békéscsabai Tankerületi Központ,Issuer,15835004204,10,0.04436736,0.36476043,-0.7474491,0.78654534,4.157209,11,0.0,9.416613147471544e-14,0.002903626796460366,0.004975124378109453,0.026184865147944488,0.35242152,-1.7881393e-07
Nagykáta Város Önkormányzata|Tápiószentmárton Nagyközség Önkormányzata|Tápióbicske Község Önkormányzata|Tóalmás Község Önkormányzat|Tápióság Község Önkormányzata|Tápiószele Város Önkormányzata|Úri Község Önkormányzata|Szentlőrinckáta Község Önkormányzata|Tápiószecső Nagyközség Önkormányzata|Kóka Község Önkormányzata|Sülysáp Város Önkormányzata|Farmos Község Önkormányzata|SZENTMÁRTONKÁTA NAGYKÖZSÉG ÖNKORMÁNYZATA,Issuer,15730727213|15730813213|15730765213|15730837213|15730789213|15730806213|15734628213|15730741213|15730796213|15730710213|15730662213|15730703213|15730758213,5,0.045345232,0.30501333,-0.6545653,0.72771484,3.488758,25,0.0,9.841662692287835e-08,0.002770959409688957,0.004975124378109453,0.060971737059383926,0.33769786,-1.7881393e-07
Budapest Főváros IV. Kerület Újpest Önkormányzata,Issuer,15735674241,5,0.04512797,0.3062646,-0.648908,0.72429246,3.5024025,25,0.0,9.841662692287835e-08,0.002770959409688957,0.004975124378109453,0.060971737059383926,0.33487293,-2.9802322e-07
Tata Város Önkormányzata,Issuer,15729617211,5,0.04491322,0.3045954,-0.665472,0.7263804,3.483365,25,0.0,9.841662692287835e-08,0.002770959409688957,0.004975124378109453,0.060971737059383926,0.33589226,1.1920929e-07
Debreceni Egyetem,Issuer,15329750409,0,-0.0022505838,0.17270575,-0.4143684,0.43491575,1.9541084,18,0.03381357005973836,0.15877985438142378,0.00636044233857553,0.01990049751243781,0.29509316164276655,0.49965063,0.0
Budapest Főváros X. kerület Kőbányai Önkormányzat,Issuer,15735739242,5,0.045961354,0.30506378,-0.66619813,0.7369464,3.4903548,25,0.0,9.841662692287835e-08,0.002770959409688957,0.004975124378109453,0.060971737059383926,0.33511364,0.0
Belügyminisztérium,Issuer,15311605241,4,-0.013814766,0.20762788,-0.44242144,0.46230102,2.354235,22,0.0,0.03404764974170081,0.0022426982785919525,0.004975124378109453,0.21881706170279458,0.4449713,2.3841858e-07
Nemzeti Útdíjfizetési Szolgáltató Zártkörűen Működő Részvénytársaság,Issuer,12147715244,3,0.01603647,0.20129462,-0.42061815,0.51974493,2.284604,13,0.010216757439496234,0.05008892777999328,0.003640326794712709,0.009950248756218905,0.23721149070758293,0.44296196,-2.3841858e-07
Mahart-Szabadkikötő Zrt.,Issuer,13541734243,9,0.0010728277,0.21707562,-0.54782814,0.55779946,2.4559603,17,0.0,0.01754568737499835,0.002148734862017601,0.004975124378109453,0.19545131485429992,0.44306287,-2.3841858e-07
Magyar Agrár- és Élettudományi Egyetem,Issuer,19294784213,0,-0.013833547,0.20382956,-0.5009431,0.5158658,2.311373,18,0.0,0.02961419954067325,0.0021660699417597688,0.004975124378109453,0.21196832737719853,0.45766068,2.3841858e-07
Békés Megyei Hajnal István Szociális Szolgáltató Centrum,Issuer,15343226204,10,0.045561425,0.3657044,-0.7547376,0.7819722,4.1694593,11,0.0,9.416613147471544e-14,0.002903626796460366,0.004975124378109453,0.026184865147944488,0.35727224,-3.5762787e-07
Kiskunmajsai Többcélú Kistérségi Társulás,Issuer,15542322103,5,0.044727616,0.30232814,-0.64440763,0.723067,3.4576821,25,0.0,9.841662692287835e-08,0.002770959409688957,0.004975124378109453,0.060971737059383926,0.3344629,2.3841858e-07
Békés Megyei Körös-menti Szociális Centrum,Issuer,15343343204,10,0.046282973,0.36834052,-0.7504363,0.78451264,4.2000666,11,0.0,9.416613147471544e-14,0.002903626796460366,0.004975124378109453,0.026184865147944488,0.35297757,-1.1920929e-07
Magyar Honvédség Egészségügyi Központ,Issuer,15714163251,7,0.013314987,0.19151424,-0.42692843,0.44147232,2.1719666,17,0.0,0.03532194341898526,0.0021208854161388468,0.004975124378109453,0.2224101169031689,0.4610421,1.1920929e-07
Győr-Moson-Sopron Megyei Rendőr-főkapitányság,Issuer,15720773251,2,0.0137619125,0.19929773,-0.51216,0.49307957,2.2601655,20,0.0,0.03639488081376739,0.002192719212238562,0.004975124378109453,0.2209588273964598,0.45665815,4.7683716e-07
UD Human Service Korlátolt Felelősségű Társaság,Issuer,12482449409,10,0.045597546,0.36442316,-0.74343926,0.77758646,4.155126,11,0.0,9.416613147471544e-14,0.002903626796460366,0.004975124378109453,0.026184865147944488,0.3470534,3.5762787e-07
ZEBEGÉNY KÖZSÉG ÖNKORMÁNYZATA,Issuer,15731223213,1,-0.018558552,0.1937779,-0.5250361,0.5136425,2.202378,16,0.0,0.0314304934819385,0.0020837952878654566,0.004975124378109453,0.21465572296993637,0.45371866,1.1920929e-07
Nemzeti Népegészségügyi Központ,Issuer,15598787243,7,0.011972712,0.19096643,-0.4225151,0.41255295,2.1647806,17,0.0,0.03532194341898526,0.0021208854161388468,0.004975124378109453,0.2224101169031689,0.45699608,-5.9604645e-08
Budapest I. kerület Budavári Önkormányzat,Issuer,15735643241,1,-0.015368653,0.20732145,-0.6176228,0.6157458,2.3520105,16,0.0,0.0314304934819385,0.0020837952878654566,0.004975124378109453,0.21465572296993637,0.44757193,0.0
"Magyar Nemzeti Vagyonkezelő Zártkörűen működő Részvénytársaság|MVM Titán Zártkörűen Működő Részvénytársaság|Oroszlányi Szolgáltató Zártkörűen Működő Részvénytársaság|MVMI Informatika Zártkörűen Működő Részvénytársaság|NHSZ Vértes Vidéke Hulladékgazdálkodási Nonprofit Korlátolt Felelősségű Társaság|MÁV Magyar Államvasutak Zártkörűen Működő Részvénytársaság|Északdunántúli Vízmű Zártkörűen Működő Részvénytársaság|Tiszavíz Vízerőmű Energetikai Korlátolt Felelősségű Társaság|NHSZ TISZA Nonprofit Korlátolt Felelősségű Társaság|MVM Zöld Generáció Korlátolt Felelősségű Társaság|NKM Energia Zrt.|HUDEX Magyar Derivatív Energiatőzsde Zártkörűen Működő Részvénytársaság|MVM NET Távközlési Szolgáltató Zrt.|MVM XPert Zártkörűen Működő Részvénytársaság|Honvédelmi Minisztérium Elektronikai, Logisztikai és Vagyonkezelő Zrt.|Tiszamenti Regionális Vízművek Zártkörűen Működő Részvénytársaság|NHSZ Mátra Hulladékkezelő Nonprofit Korlátolt Felelősségű Társaság|Grand Tokaj Zártkörűen Működő Részvénytársaság|Dunántúli Regionális Vízmű Zártkörűen Működő Részvénytársaság|Római Irodaház Korlátolt Felelősségű Társaság|Garantiqa Hitelgarancia Zártkörűen Működő Részvénytársaság|MÁV Szolgáltató Központ Zártkörűen Működő Részvénytársaság|Szerencsejáték Zártkörűen Működő Részvénytársaság|NHSZ Tatabánya Hulladékgazdálkodási és Környezetvédelmi Zrt.|Nemzeti Mobilfizetési Zártkörűen Működő Részvénytársaság|Concordia Közraktár Kereskedelmi Zártkörűen Működő Részvénytársaság|MVM ERBE ENERGETIKA Mérnökiroda Zrt.|Győr-Sopron-Ebenfurti Vasút Zártkörűen Működő Részvénytársaság|NKM Nemzeti Közművek Zártkörűen Működő Részvénytársaság|HUPX Magyar Szervezett Villamosenergia-piac Zártkörűen Működő Részvénytársaság|ATEV Fehérjefeldolgozó Zrt.|Flogiston Gázmérőgyártó, Javító, Hitelesítő és Kereskedelmi Kft.|Honvédelmi Minisztérium CURRUS Gödöllői Harcjárműtechnikai zártkörűen működő Részvénytársaság|MÁV-START Vasúti Személyszállító Zrt.|MVM Paksi Atomerőmű Zártkörűen Működő Részvénytársaság|FILANTROP Környzetvédelmi és Fűtéstechnikai Nonprofit Kft.|Energo-Merkur Villamosenergiaipari Kereskedelmi és Szolgáltató Korlátolt Felelősségű Társaság|MÁV Központi Felépítményvizsgáló Kft.|Bányavagyon-hasznosító Nonprofit Közhasznú Korlátolt Felelősségű Társaság|NHSZ Zöldfok Településgazdálkodási és Kommunális Zrt.|Nemzeti Filmintézet Közhasznú Nonprofit Zártkörűen Működő Részvénytársaság|""ANTENNA HUNGÁRIA"" Magyar Műsorszóró és Rádióhírközlési Zártkörűen Működő Részvénytársaság|MVM BSZK Biztonsági Szolgáltató Központ Zártkörűen Működő Részvénytársaság|ÉRV. Északmagyarországi Regionális Vízművek Zártkörűen Működő Részvénytársaság|PRIV-DAT Dokumentum Archiváló és Tároló Kft.|NHSZ Csobánc Kft.|NHSZ Észak-KOM Hulladékgazdálkodási Közszolgáltató Nonprofit Korlátolt Felelősségű Társaság|MVM Magyar Villamos Művek Zártkörűen Működő Részvénytársaság|NKM Földgázhálózati Kft.|MVM Partner Energiakereskedelmi Zártkörűen Működő Részvénytársaság|MÁV Vagon Korlátolt Felelősségű Társaság|NHSZ Miskolc Környezetvédelmi és Hulladékgazdálkodási Kft.|Magyar Földgáztároló Zártkörűen Működő Részvénytársaság|NKM Észak-Dél Földgázhálózati Zártkörűen Működő Részvénytársaság|Magyar Földgázkereskedő Zártkörűen Működő Részvénytársaság|MVM MIFŰ Miskolci Fűtőerőmű Kft.|Aeroplex Közép-Európai Légijármű Műszaki Központ Korlátolt Felelősségű Társaság|Kincsem Nemzeti Lóverseny és Lovas Stratégiai Korlátolt Felelősségű Társaság|Nitrokémia Környezetvédelmi Tanácsadó és Szolgáltató Zártkörűen működő részvénytársaság|ATOMIX Kereskedelmi és Szolgáltató Korlátolt Felelősségü Társaság|MÁV-HÉV Helyiérdekű Vasút Zártkörűen Működő Részvénytársaság|MVM GTER Gázturbinás Erőmű Zártkörűen Működő Részvénytársaság|NKM Áramhálózati Kft.|Radioaktív Hulladékokat Kezelő Közhasznú Nonprofit Kft.|MVM OVIT Országos Villamostávvezeték Zártkörűen működő Részvénytársaság|DMRV Duna Menti Regionális Vízmű Zártkörűen Működő Társaság|MAVIR Magyar Villamosenergia-ipari Átviteli Rendszerirányító Zártkörűen Működő Részvénytársaság|Diákhitel Központ Zártkörűen Működő Részvénytársaság|NHSZ Biogáz Tatabánya Kft.|MÁV FKG Felépitménykarbantartó és Gépjavitó Korlátolt Felelősségü Társaság|ZÁHONY-PORT Záhonyi Logisztikai és Rakománykezelési Szolgáltató Zártkörűen Működő Részvénytársaság|Nemzeti Útdíjfizetési Szolgáltató Zártkörűen Működő Részvénytársaság|E-Mobi Elektromobilitás Nonprofit Korlátolt Felelősségű Társaság|Hortobágyi Halgazdaság Zrt.|Hiventures Kockázati Tőkealap-kezelő Zártkörűen Működő Részvénytársaság|MECSEKÉRC Környezetvédelmi Zártkörűen Működő Részvénytársaság|CEEGEX Közép-Kelet-Európai Szervezett Földgázpiac Zártkörűen Működő Részvénytársaság|Nemzeti Üzleti Szolgáltató Zártkörűen Működő Részvénytársaság|Vértesi Erőmű Zártkörűen Működő Részvénytársaság|HM ARZENÁL Elektromechanikai ZRt.|MKK Magyar Követeléskezelő Zártkörűen Működő Részvénytársaság|Magyar Tejgazdasági Kísérleti Intézet Kft.|MÁV Nosztalgia Idegenforgalmi, Kereskedelmi és Szolgáltató Kft.|Gabonakutató Nonprofit Közhasznú Kft.",Issuer,14077340244|25868885241|12794726211|13649588217|24121567211|10856417244|11186748211|10923452215|13262275216|12771756241|26713111244|25941667241|23843862244|27086001242|10815135251|11265832216|11164542210|11069296205|11226002214|14799772241|10803828242|14130179244|10580204244|11183525211|24151667244|10907087243|14116713243|10008676208|25147784241|13967808241|10893661244|10408533213|10810570251|13834492244|10742833217|18345564203|10833801242|12175679243|22143200243|11227209214|23376159242|10834730244|25010075243|11069186205|12376564243|25005095219|24779098210|10760798244|13899893242|12898019244|11103499207|11385806205|12543317244|13937856206|12543300244|12880029205|10751116243|23581078242|11327646219|11284327217|25776005244|14120486244|13792679206|18680188213|10727201244|10863877244|12550753244|12657331241|23304855211|11267425216|13802613215|12147715244|25539431241|11153250209|11905246241|11563192202|23408612241|13649595217|10744842211|10753754251|12226483241|11128210208|10814811242|18460777206,4,-0.012663323,0.19785927,-0.46815982,0.46009055,2.243102,22,0.0,0.03404764974170081,0.0022426982785919525,0.004975124378109453,0.21881706170279458,0.4620193,0.0
Pestszentlőrinc-Pestszentimre Egészségügyi Szolgáltató Nonprofit Közhasznú Korlátolt Felelősségű Társaság,Issuer,13969587143,5,0.04471451,0.30463365,-0.65996253,0.73976755,3.483466,25,0.0,9.841662692287835e-08,0.002770959409688957,0.004975124378109453,0.060971737059383926,0.33545458,-3.5762787e-07
Komárom-Esztergom Megyei Rendőr-főkapitányság,Issuer,15720560251,2,0.008645361,0.19796723,-0.47911125,0.4528264,2.2418783,20,0.0,0.03639488081376739,0.002192719212238562,0.004975124378109453,0.2209588273964598,0.46307206,3.5762787e-07
"Országos Kórházi Főigazgatóság|Szent Margit Kórház|Margit Kórház Pásztó|Komlói Egészségcentrum, Bányászati Utókezelő és Éjjeli Szanatórium Egészségügyi Központ|Országos Klinikai Idegtudományi Intézet|Markusovszky Egyetemi Oktatókórház|Kazincbarcikai Kórház Nonprofit Kft.|Péterfy Kórház - Rendelőintézet és Manninger Jenő Országos Traumatológiai Intézet|Misszió Egészségügyi Központ|Csongrád Megyei Mellkasi Betegségek Szakkórháza|Szakorvosi Rendelőintézet Szigetszentmiklós|Zirci Erzsébet Kórház-Rendelőintézet|Almási Balogh Pál Kórház|Országos Reumatológiai és Fizioterápiás Intézet|Deák Jenő Kórház|Csongrád Megyei Dr. Bugyi István Kórház|Károlyi Sándor Kórház|Állami Szívkórház|Pest Megyei Flór Ferenc Kórház|Kanizsai Dorottya Kórház|Nagyatádi Kórház|Karolina Kórház- Rendelőintézet|Markhot Ferenc oktatókórház és Rendelőintézet|Zala Megyei Szent Rafael Kórház|Szigetvári Kórház|Szent Lázár Megyei Kórház|Szent Imre Egyetemi Oktatókórház|Szent Kozma és Damján Rehabilitációs Szakkórház|Harkányi Termál Rehabilitációs Centrum Közhasznú Nonprofit Korlátolt Felelősségű Társaság|Batthyány Kázmér Szakkórház|Jávorszky Ödön Kórház|Mezőtúri Kórház és Rendelőintézet|Toldy Ferenc Kórház és Rendelőintézet|Keszthelyi Kórház|Gróf Esterházy Kórház és Rendelőintézeti Szakrendelő|Bonyhádi Kórház és Rendelőintézet|Bugát Pál Kórház|Orosházi Kórház|Bajai Szent Rókus Kórház|Siófoki Kórház|Veszprém Megyei Tüdőgyógyintézet, Farkasgyepű|Albert Schweitzer Kórház- Rendelőintézet|Soproni Erzsébet Oktató Kórház és Rehabilitációs Intézet|Felső-Szabolcsi Kórház|Szent Borbála Kórház|Csornai Margit Kórház|Hévízgyógyfürdő  és Szent András Reumakórház|Jász-Nagykun-Szolnok Megyei Hetényi Géza Kórház-Rendelőintézet|Kiskunhalasi Semmelweis Kórház a Szegedi Tudományegyetem Oktató Kórháza|Petz Aladár Megyei Oktató Kórház|Gottsegen György Országos Kardiológiai Intézet|Dombóvári Szent Lukács Kórház|Tüdőgyógyintézet Törökbálint|Heim Pál Országos Gyermekgyógyászati Intézet|Sátoraljaújhelyi Erzsébet Kórház|Borsod-Abaúj-Zemplén Megyei Központi Kórház és Egyetemi Oktatókórház|Dr. Kenessey Albert Kórház - Rendelőintézet|Koch Róbert Kórház és Rendelőintézet|Bajcsy-Zsilinszky Kórház és Rendelőintézet|Nyírő Gyula Országos Pszichiátriai és Addiktológiai Intézet|Szent László Kórház|Szabolcs-Szatmár-Bereg Megyei Kórházak és Egyetemi Oktatókórház|Országos Onkológiai Intézet|Lumniczer Sándor Kórház-Rendelőintézet|Magyar Imre Kórház|Selye János Kórház|Észak-Közép-budai Centrum Új Szent János Kórház és Szakrendelő|Dél-pesti Centrumkórház - Országos Hematológiai és Infektológiai Intézet|Békés Megyei Központi Kórház|Jahn Ferenc Dél-pesti Kórház és Rendelőintézet|Mohácsi Kórház|Vaszary Kolos Kórház Esztergom|Országos Orvosi Rehabilitációs Intézet|Parádfürdői Állami Kórház|Máv Kórház-és Rendelőintézet, Szolnok|Nagykőrösi Rehabilitációs Szakkórház és Rendelőintézet|Tolna Megyei Balassa János Kórház|SZENT PANTALEON KÓRHÁZ - RENDELŐINTÉZET DUNAÚJVÁROS|Bács-Kiskun Megyei Kórház a Szegedi Tudományegyetem Általános Orvostudományi Kar Oktató Kórháza|Fejér Megyei Szent György Egyetemi Oktató Kórház|Mátrai Gyógyintézet|Csongrád Megyei Egészségügyi Ellátó Központ Hódmezővásárhely-Makó|Gróf Tisza István Kórház|Országos Korányi Pulmonológiai Intézet|Jászberényi Szent Erzsébet Kórház|Somogy Megyei Kaposi Mór Oktató Kórház|Csolnoky Ferenc Kórház|Oroszlányi Szakorvosi- és Ápolási Intézet|Országos Vérellátó Szolgálat|Uzsoki Utcai Kórház|Kátai Gábor Kórház",Issuer,15845883243|15799799241|15450061212|15813815102|15309752242|15813860218|14514166205|15492320242|15813822213|15355715206|15393386213|15430991219|15822631205|15309738241|15813846219|15355409206|15493091241|15309848219|15395814213|15433750220|15822655214|15367417208|15813839210|15432742220|15813705202|15450054212|15492564243|15492894213|22265324202|15384072211|15395436213|15813695216|15813688213|15433286220|15429427219|15415194217|15822648210|15346487204|15336282203|15397029214|15426211219|15813774210|15367716208|15402570215|15384065211|15367187208|15813729220|15408057216|15813853203|15366052208|15315386243|15813781217|15395807213|15490335242|15352176205|15837501205|15450353212|15439196205|15490902242|15493125241|15420978218|15813743215|15309769243|15367307208|15429733219|15385176211|15490359243|15490342243|15833954204|15491020243|15330389202|15388117211|15309790243|15328931210|15307712216|15395182213|15416308217|15791942207|15336062203|15360025207|15309824210|15355038206|15372019209|15309783243|15813712216|15399526214|15813671219|15813736211|15329365243|15492674242|15408583216,7,0.012063948,0.19695725,-0.46718517,0.4512183,2.232493,17,0.0,0.03532194341898526,0.0021208854161388468,0.004975124378109453,0.2224101169031689,0.4473816,-5.9604645e-08
Magyar Tudományos Akadémia Titkársága,Issuer,15300203141,4,-0.005541862,0.2000952,-0.39621687,0.46605986,2.2646868,22,0.0,0.03404764974170081,0.0022426982785919525,0.004975124378109453,0.21881706170279458,0.45533672,0.0
Budafok-Tétény Budapest XXII. Kerület Önkormányzata,Issuer,15735856243,5,0.044649612,0.3049535,-0.6709139,0.73895013,3.4869394,25,0.0,9.841662692287835e-08,0.002770959409688957,0.004975124378109453,0.060971737059383926,0.3373529,3.5762787e-07
Országos Idegenrendészeti Főigazgatóság,Issuer,15722744251,6,-0.0074961204,0.18679452,-0.40478098,0.4577531,2.1150398,27,0.0,0.05744883060799789,0.0021084905407155806,0.004975124378109453,0.23232892143058295,0.4796716,1.1920929e-07
Szent Kristóf Szakrendelő Újbudai Egészségügyi Szolgáltató Közhasznú Nonprofit Korlátolt Felelősségű Társaság,Issuer,21814097243,5,0.046055444,0.30693793,-0.667637,0.73987937,3.5114806,25,0.0,9.841662692287835e-08,0.002770959409688957,0.004975124378109453,0.060971737059383926,0.3390633,0.0
Fővárosi Közterület-fenntartó Zártkörűen Működő Nonprofit Részvénytársaság,Issuer,12166602244,3,0.01762985,0.20856884,-0.45406362,0.6113751,2.3681018,13,0.0,0.013694046966225885,0.00219018183989989,0.004975124378109453,0.20491340573983335,0.41933176,0.0
Balatonalmádi Város Önkormányzata|Felsőörs község Önkormányzata|Papkeszi Községi Önkormányzat|Litér Község Önkormányzata|Balatonfőkajár Község Önkormányzat|Balatonakarattya Község Önkormányzata|Küngös Község Önkormányzata|Királyszentistván Község Önkormányzata|Balatonkenese Város Önkormányzata|Balatonfűzfő Város Önkormányzata|Csajág Község Önkormányzata|Alsóörs Község Önkormányzata,Issuer,15734226219|15734116219|15734082119|15428976219|15734020119|15827014219|15428990119|15431473119|15733995219|15734219219|15428983119|15734013219,5,0.044358484,0.3037246,-0.635032,0.7348288,3.4727056,25,0.0,9.841662692287835e-08,0.002770959409688957,0.004975124378109453,0.060971737059383926,0.34114203,1.1920929e-07
Sátoraljaújhelyi Fegyház és Börtön,Issuer,15752088251,2,0.00913317,0.19659229,-0.56084704,0.50733626,2.2265868,20,0.0,0.03639488081376739,0.002192719212238562,0.004975124378109453,0.2209588273964598,0.4655779,-1.7881393e-07
Opera Vagyonkezelő Korlátolt Felelősségű Társaság,Issuer,26674896242,7,0.010450707,0.19746807,-0.49348828,0.4301059,2.237223,17,0.0,0.03532194341898526,0.0021208854161388468,0.004975124378109453,0.2224101169031689,0.4525954,-2.3841858e-07
Neumann János Egyetem,Issuer,15834474203,0,-0.012845702,0.20405807,-0.47905287,0.5040395,2.3132231,18,0.0,0.02961419954067325,0.0021660699417597688,0.004975124378109453,0.21196832737719853,0.44365525,2.3841858e-07
Budapest Főváros XV. kerületi Önkormányzat Dr. Vass László Egészségügyi Intézmény,Issuer,15515139242,5,0.04528478,0.30317697,-0.64951855,0.724421,3.4681082,25,0.0,9.841662692287835e-08,0.002770959409688957,0.004975124378109453,0.060971737059383926,0.3357342,0.0
Városliget Ingatlanfejlesztő Zártkörűen Működő Részvénytársaság|Néprajzi Múzeum|Szépművészeti Múzeum,Issuer,24819699242|15321178241|15321202242,2,0.0040876083,0.19817865,-0.54447925,0.49919194,2.2426124,20,0.0,0.03639488081376739,0.002192719212238562,0.004975124378109453,0.2209588273964598,0.4632992,2.3841858e-07
Szentendre Város Önkormányzat |Pilisszentlászló Község Önkormányzat ,Issuer,15731292213|15731034113,5,0.0451772,0.3078271,-0.6559486,0.7663615,3.5199726,25,0.0,9.841662692287835e-08,0.002770959409688957,0.004975124378109453,0.060971737059383926,0.3338747,1.1920929e-07
Magyar Közút Nonprofit Zártkörűen Működő Részvénytársaság,Issuer,14605749244,2,0.005339795,0.19752885,-0.51884454,0.5158957,2.2356005,20,0.0,0.03639488081376739,0.002192719212238562,0.004975124378109453,0.2209588273964598,0.46619672,-5.9604645e-08
Állatorvostudományi Egyetem,Issuer,15834498242,0,-0.019915432,0.19805606,-0.46001947,0.45412624,2.2520485,18,0.0,0.02961419954067325,0.0021660699417597688,0.004975124378109453,0.21196832737719853,0.46739534,-2.3841858e-07
Országos Mentőszolgálat,Issuer,15309989241,1,-0.018226456,0.18873738,-0.46871635,0.4114966,2.1452534,16,0.0022419501762494113,0.08887932408993639,0.0034497115711552943,0.009950248756218905,0.2449326603870341,0.47112378,-1.1920929e-07
Budapesti Rendőr-főkapitányság,Issuer,15720388251,2,0.009000864,0.19606352,-0.52960825,0.49563763,2.2205417,20,0.0,0.03639488081376739,0.002192719212238562,0.004975124378109453,0.2209588273964598,0.46464613,-2.3841858e-07
Nagykőrös Város Önkormányzat,Issuer,15731278213,5,0.045387655,0.30628657,-0.6464023,0.7289077,3.5030775,25,0.0,9.841662692287835e-08,0.002770959409688957,0.004975124378109453,0.060971737059383926,0.33111474,-3.5762787e-07
Zuglói Egészségügyi Szolgálat,Issuer,15514750242,5,0.043875847,0.30578178,-0.6889892,0.74096864,3.494958,25,0.0,9.841662692287835e-08,0.002770959409688957,0.004975124378109453,0.060971737059383926,0.33940184,0.0
Magyar Nemzeti Vagyonkezelő Zártkörűen működő Részvénytársaság,Issuer,14077340244,9,0.003409287,0.21619624,-0.5195938,0.5729786,2.4462855,17,0.0,0.01754568737499835,0.002148734862017601,0.004975124378109453,0.19545131485429992,0.43518987,-2.3841858e-07
XIII. Kerületi Egészségügyi Szolgálat Közhasznú Nonprofit Kft.,Issuer,22182827241,5,0.044655196,0.30364785,-0.6568806,0.7313933,3.472334,25,0.0,9.841662692287835e-08,0.002770959409688957,0.004975124378109453,0.060971737059383926,0.33690903,-5.9604645e-08
Digitális Kormányzati Ügynökség Zártkörűen Működő Részvénytársaság|KTI Közlekedéstudományi Intézet Nonprofit Kft.,Issuer,26698180241|21925221243,0,-0.017421547,0.20864643,-0.5024467,0.5059992,2.3687794,18,0.0,0.02961419954067325,0.0021660699417597688,0.004975124378109453,0.21196832737719853,0.440979,0.0
Budapest Főváros XIX. kerület Kispest Önkormányzata Kispesti Egészségügyi Intézete,Issuer,15519164143,5,0.04370453,0.30530736,-0.6744876,0.74059945,3.4893699,25,0.0,9.841662692287835e-08,0.002770959409688957,0.004975124378109453,0.060971737059383926,0.33765906,-1.1920929e-07
Külgazdasági és Külügyminisztérium,Issuer,15311344141,1,-0.015251937,0.20243588,-0.43594226,0.4340347,2.2967918,16,0.004916026301010771,0.06675243690092375,0.0034621064465785605,0.009950248756218905,0.23888494037747768,0.44007233,1.1920929e-07
MÁV Magyar Államvasutak Zártkörűen Működő Részvénytársaság|MÁV-START Vasúti Személyszállító Zrt.,Issuer,10856417244|13834492244,2,0.005214083,0.2035974,-0.5624451,0.5399154,2.3041968,20,0.0,0.03639488081376739,0.002192719212238562,0.004975124378109453,0.2209588273964598,0.46100768,-2.9802322e-07
Budapest Főváros Vagyonkezelő Központ Zrt.,Issuer,12006003241,2,0.016663995,0.20060249,-0.4940233,0.4823658,2.2773752,20,0.0,0.03639488081376739,0.002192719212238562,0.004975124378109453,0.2209588273964598,0.45483014,-5.9604645e-08
Nemzeti Sportközpontok,Issuer,15598158242,4,-0.0020942297,0.19883788,-0.5262794,0.40261832,2.2497184,22,0.0,0.03404764974170081,0.0022426982785919525,0.004975124378109453,0.21881706170279458,0.47305033,3.5762787e-07
TÓTH ILONA EGÉSZSÉGÜGYI SZOLGÁLAT,Issuer,15521127243,5,0.044548,0.3101922,-0.6708776,0.74993306,3.5454302,25,0.0,9.841662692287835e-08,0.002770959409688957,0.004975124378109453,0.060971737059383926,0.33808574,0.0
"Készenléti Rendőrség|Váci Fegyház és Börtön|Bács-Kiskun Megyei Büntetés-végrehajtási Intézet|Zala Megyei Büntetés-végrehajtási Intézet|Csongrád Megyei Rendőr-főkapitányság|Sopronkőhidai Fegyház és Börtön|Észak - dunántúli Vízügyi Igazgatóság|Igazságügyi Megfigyelő és Elmegyógyító Intézet|Közép-dunántúli Vízügyi Igazgatóság|Tököli Országos Büntetés-végrehajtási Intézet|Kalocsai Fegyház és Börtön|Miskolci Rendészeti Szakgimnázium|Országos Vízügyi Főigazgatóság|Észak-magyarországi Vízügyi Igazgatóság|Balassagyarmati Fegyház és Börtön|Fejér Megyei Katasztrófavédelmi Igazgatóság|Vas Megyei Rendőr-főkapitányság|Győr-Moson-Sopron Megyei Rendőr-főkapitányság|Nyugat-dunántúli Vízügyi Igazgatóság|Somogy Megyei Katasztrófavédelmi Igazgatóság|Tiszalöki Országos Bv. Intézet|Közép-Duna-völgyi Vízügyi Igazgatóság|Tolna Megyei Rendőr-főkapitányság|Terrorelhárítási Központ|Békés Megyei Büntetés-végrehajtási intézet|Borsod-Abaúj-Zemplén Megyei Katasztrófavédelmi Igazgatóság|Bács-Kiskun Megyei Katasztrófavédelmi Igazgatóság|Somogy Megyei Büntetés-végrehajtási Intézet|Alsó-Tisza-vidéki Vízügyi Igazgatóság|Nógrád Megyei Katasztrófavédelmi Igazgatóság|Jász-Nagykun-Szolnok Megyei Büntetés-végrehajtási Intézet|Pálhalmai Országos Büntetés-végrehajtási intézet|Borsod-Abaúj-Zemplén Megyei Büntetés-végrehajtási Intézet|Zala Megyei Katasztrófavédelmi Igazgatóság|Állampusztai Országos Büntetés-végrehajtási Intézet|Borsod-Abaúj-Zemplén Megyei Rendőr-főkapitányság|Baranya Megyei Rendőr-főkapitányság|Adyligeti Rendészeti Szakgimnázium|Komárom-Esztergom Megyei Rendőr-főkapitányság|Budapesti Rendőr-főkapitányság|Jász-Nagykun-Szolnok Megyei Katasztrófavédelmi Igazgatóság|Büntetés-végrehajtás Központi Kórház (Tököl)|Veszprém Megyei Katasztrófavédelmi Igazgatóság|Hajdú-Bihar Megyei Katasztrófavédelmi Igazgatóság|Belügyminisztérium Országos Katasztrófavédelmi Főigazgatóság Gazdasági Ellátó Központ|Győr-Moson-Sopron Megyei Katasztrófavédelmi Igazgatóság|Fővárosi Büntetés-végrehajtási Intézet|Veszprém Megyei Büntetés-végrehajtási Intézet|Tiszántúli Vízügyi Igazgatóság|Terrorelhárítási Információs és Bűnügyi Elemző Központ|Veszprém Megyei Rendőr-főkapitányság|Körös-vidéki Vízügyi Igazgatóság|Közép-dunántúli Országos Büntetés-végrehajtási Intézet|Szegedi Fegyház és Börtön|Békés Megyei Rendőr-főkapitányság|Heves Megyei Rendőr-főkapitányság|Szabolcs-Szatmár-Bereg Megyei Rendőr-főkapitányság|Vas Megyei Katasztrófavédelmi Igazgatóság|Nemzetközi Oktatási Központ|Heves Megyei Büntetés-végrehajtási Intézet|Fővárosi Katasztrófavédelmi Igazgatóság|Bács-Kiskun Megyei Rendőr-főkapitányság|Alsó-Duna-völgyi Vízügyi Igazgatóság|Dél-dunántúli Vízügyi Igazgatóság|Baranya Megyei Büntetés-végrehajtási Intézet|Heves Megyei Katasztrófavédelmi Igazgatóság|Márianosztrai Fegyház és Börtön|Baranya Megyei Katasztrófavédelmi Igazgatóság|Jász-Nagykun-Szolnok Megyei Rendőr-főkapitányság|Felső-Tisza-vidéki Vízügyi Igazgatóság|Nógrád Megyei Rendőr-főkapitányság|Győr-Moson-Sopron Megyei Büntetés-végrehajtási Intézet|Csongrád Megyei Katasztrófavédelmi Igazgatóság|Budapest Fegyház és Börtön|Nemzeti Védelmi Szolgálat|Büntetés-végrehajtás Országos Parancsnoksága|Komárom-Esztergom Megyei Katasztrófavédelmi Igazgatóság|Zala Megyei Rendőr-főkapitányság|Hajdú-Bihar Megyei Büntetés-végrehajtási Intézet|Szabolcs-Szatmár-Bereg Megyei Katasztrófavédelmi igazgatóság|Repülőtéri Rendőr Igazgatóság|Sátoraljaújhelyi Fegyház és Börtön|Körmendi Rendészeti Szakgimnázium|Fejér Megyei Rendőr-főkapitányság|Szegedi Rendészeti Szakgimnázium|Közép-Tisza-vidéki Vízügyi Igazgatóság|Pest Megyei Rendőr-főkapitányság|Tolna Megyei Büntetés-végrehajtási Intézet|Szabolcs-Szatmár-Bereg Megyei Büntetés-végrehajtási Intézet|Hajdú-Bihar Megyei Rendőr-főkapitányság|Somogy Megyei Rendőr-főkapitányság|Országos Idegenrendészeti Főigazgatóság|Alkotmányvédelmi Hivatal|Büntetés-végrehajtási Szervezet Oktatási, Továbbképzési és Rehabilitációs Központja|Békés Megyei Katasztrófavédelmi Igazgatóság|Nemzeti Szakértői és Kutató Központ|Pest Megyei Katasztrófavédelmi Igazgatóság|Tolna Megyei Katasztrófavédelmi Igazgatóság",Issuer,15720199251|15752033251|15752222251|15752318251|15720742251|15752095251|15308373208|15764649151|15308407207|15833868251|15752064251|15722665251|15796019241|15308445205|15752040251|15722861251|15720096251|15720773251|15308421218|15722940251|15598835251|15308380242|15720728251|15775694251|15752208251|15722847251|15722823251|15752215251|15308476206|15722926251|15752284251|15752136251|15752239251|15722995251|15752112251|15720144251|15720230251|15722706251|15720560251|15720388251|15722902251|15752538151|15722988251|15722885251|15775845251|15722878251|15752181251|15752301251|15308452209|15834577151|15720632251|15308483204|15752129251|15752105251|15720058251|15720735251|15720546251|15722971251|15722713251|15752167251|15494140251|15720395251|15308397203|15308414202|15752253251|15722892251|15752071251|15722816251|15720106251|15308438215|15720041251|15752198251|15722854251|15752057251|15722603251|15752026251|15722919251|15720429251|15752150251|15722957251|15760731251|15752088251|15720900251|15720625251|15722672251|15308469216|15720120251|15752260251|15752246251|15720175251|15720601251|15722744251|15756824251|15752019251|15722830251|15836847251|15722933251|15722964251,7,0.010690573,0.18908373,-0.42570537,0.49441493,2.1426544,17,0.0,0.03532194341898526,0.0021208854161388468,0.004975124378109453,0.2224101169031689,0.46363106,2.3841858e-07
XIII. Kerületi Egészségügyi Szolgálat Közhasznú Nonprofit Kft.|Belváros-Lipótváros Egészségügyi Szolgálat|Újpesti Egészségügyi Szolgáltató Nonprofit Kft.|Terézvárosi Egészségügyi Szolgálat|Zuglói Egészségügyi Szolgálat|Bischitz Johanna Integrált Humán Szolgáltató Központ,Issuer,22182827241|15505130241|23476905241|15506203242|15514750242|15507228242,5,0.044344056,0.30509752,-0.6642365,0.7358055,3.4880528,25,0.0,9.841662692287835e-08,0.002770959409688957,0.004975124378109453,0.060971737059383926,0.33397856,-5.9604645e-08
Dunaújváros Megyei Jogú Város Önkormányzata,Issuer,15727000207,5,0.044098116,0.30500245,-0.68237793,0.7370845,3.4865897,25,0.0,9.841662692287835e-08,0.002770959409688957,0.004975124378109453,0.060971737059383926,0.33663443,1.1920929e-07
Magyar Földgáztároló Zártkörűen Működő Részvénytársaság,Issuer,12543317244,4,-0.004901889,0.212183,-0.5055765,0.49372667,2.401217,22,0.0,0.03404764974170081,0.0022426982785919525,0.004975124378109453,0.21881706170279458,0.4495657,-3.5762787e-07
Pest Megyei Kormányhivatal|Hajdú-Bihar Megyei Kormányhivatal|Jász-Nagykun-Szolnok Megyei Kormányhivatal|Baranya Megyei Kormányhivatal|Heves Megyei Kormányhivatal|Nógrád Megyei Kormányhivatal|Somogy Megyei Kormányhivatal|Tolna Megyei Kormányhivatal|Budapest Főváros Kormányhivatala|Borsod-Abaúj-Zemplén Megyei Kormányhivatal|Vas Megyei Kormányhivatal|Veszprém Megyei Kormányhivatal|Csongrád Megyei Kormányhivatal|Komárom-Esztergom Megyei Kormányhivatal|Győr-Moson-Sopron Megyei Kormányhivatal|Szabolcs-Szatmár-Bereg Megyei Kormányhivatal|Fejér Megyei Kormányhivatal|Zala Megyei Kormányhivatal|Békés Megyei Kormányhivatal|Bács-Kiskun Megyei Kormányhivatal,Issuer,15789350241|15789312209|15789381213|15789240202|15789329210|15789343212|15789367214|15789398217|15789233241|15789271205|15789408218|15789415219|15789288206|15789336211|15789305208|15789374215|15789295207|15789422220|15789264204|15789257203,4,-0.005326323,0.19608137,-0.47694772,0.428902,2.219226,22,0.0,0.03404764974170081,0.0022426982785919525,0.004975124378109453,0.21881706170279458,0.4731526,0.0
Budapest Közút Zártkörűen Működő Részvénytársaság,Issuer,23501894244,7,0.01962777,0.19954705,-0.5360454,0.42834136,2.268512,17,0.0,0.03532194341898526,0.0021208854161388468,0.004975124378109453,0.2224101169031689,0.44758114,4.7683716e-07
Vasútegészségügyi Szolgáltató Nonprofit Közhasznú Korlátolt Felelősségű Társaság,Issuer,18159422242,3,0.02864437,0.2192058,-0.44924846,0.6375116,2.5011148,13,0.0,0.013694046966225885,0.00219018183989989,0.004975124378109453,0.20491340573983335,0.41777077,-4.7683716e-07
Uzsoki Utcai Kórház,Issuer,15492674242,2,0.010155767,0.1928519,-0.56281406,0.54048187,2.1848934,20,0.0,0.03639488081376739,0.002192719212238562,0.004975124378109453,0.2209588273964598,0.4772162,-1.1920929e-07
Fővárosi Vízművek Zártkörűen Működő Részvénytársaság,Issuer,10898824244,3,0.022206016,0.2092754,-0.44244757,0.60268205,2.3809724,13,0.0,0.013694046966225885,0.00219018183989989,0.004975124378109453,0.20491340573983335,0.44068447,0.0
Pécs Megyei Jogú Város Önkormányzata,Issuer,15735612202,9,0.004041752,0.22089426,-0.55647486,0.5207298,2.4995515,17,0.0,0.01754568737499835,0.002148734862017601,0.004975124378109453,0.19545131485429992,0.42741078,1.1920929e-07
Magyar Tudományos Akadémia Létesítménygazdálkodási Központ,Issuer,15318406243,1,-0.02744192,0.19553891,-0.5135133,0.4651661,2.2339497,16,0.0,0.0314304934819385,0.0020837952878654566,0.004975124378109453,0.21465572296993637,0.460277,2.3841858e-07
Józsefvárosi Önkormányzat|Józsefvárosi Szent Kozma Egészségügyi Központ,Issuer,15735715242|15508157242,5,0.04481279,0.3036588,-0.67220193,0.7424354,3.4727163,25,0.0,9.841662692287835e-08,0.002770959409688957,0.004975124378109453,0.060971737059383926,0.33575395,-5.9604645e-08
KKBK Kiemelt Kormányzati Beruházások Központja Nonprofit Zrt.,Issuer,25416316241,7,0.014616944,0.20010124,-0.41914657,0.43261182,2.2699192,17,0.0,0.03532194341898526,0.0021208854161388468,0.004975124378109453,0.2224101169031689,0.4448066,0.0
Bevándorlási és Menekültügyi Hivatal,Issuer,15722744251,6,-0.007407225,0.19439822,-0.45238036,0.43530425,2.2009609,27,0.0,0.05744883060799789,0.0021084905407155806,0.004975124378109453,0.23232892143058295,0.47170162,-1.1920929e-07
Állami Egészségügyi Ellátó Központ,Issuer,15324683243,6,-0.01533551,0.18471761,-0.49465406,0.47540575,2.097031,27,0.0,0.05744883060799789,0.0021084905407155806,0.004975124378109453,0.23232892143058295,0.48202312,0.0
"Széchenyi István Mezőgazdasági és Élelmiszeripari Szakgimnázium, Szakközépiskola és Kollégium",Issuer,15823247209,10,0.043108236,0.36513105,-0.75536215,0.80095804,4.159677,11,0.0,9.416613147471544e-14,0.002903626796460366,0.004975124378109453,0.026184865147944488,0.35625243,0.0
Somogy Megyei Kaposi Mór Oktató Kórház,Issuer,15399526214,6,-0.008856189,0.19061226,-0.4847091,0.4432681,2.1588578,27,0.0,0.05744883060799789,0.0021084905407155806,0.004975124378109453,0.23232892143058295,0.48306754,1.1920929e-07
Budapesti Közlekedési Zártkörűen Működő Részvénytársaság,Issuer,12154481444,1,-0.020750426,0.18158486,-0.38435742,0.37739453,2.0677683,16,0.0022419501762494113,0.08887932408993639,0.0034497115711552943,0.009950248756218905,0.2449326603870341,0.48278967,2.3841858e-07
Biatorbágy Város Önkormányzata,Issuer,15730088213,5,0.04479888,0.30251855,-0.65410805,0.7274805,3.4599316,25,0.0,9.841662692287835e-08,0.002770959409688957,0.004975124378109453,0.060971737059383926,0.33723268,-1.1920929e-07
Mór Városi Önkormányzat,Issuer,15727220207,1,-0.023903884,0.19841671,-0.53718317,0.5175951,2.2610605,16,0.0,0.0314304934819385,0.0020837952878654566,0.004975124378109453,0.21465572296993637,0.45906588,-1.7881393e-07
Nemzeti Kommunikációs Hivatal|NIF Nemzeti Infrastruktúra Fejlesztő zártkörűen működő Részvénytársaság,Issuer,15827186241|11906522241,8,0.027622245,0.26215705,-0.51556605,0.7877264,2.9823866,16,0.0,0.0022141863714951466,0.0023405812193810164,0.004975124378109453,0.16660241229277964,0.39469367,1.1920929e-07
Nemzeti Kommunikációs Hivatal|Magyar Turisztikai Ügynökség Zrt.,Issuer,15827186241|10356113241,8,0.025662377,0.27480188,-0.50877774,0.8832795,3.1225553,16,0.0,0.0022141863714951466,0.0023405812193810164,0.004975124378109453,0.16660241229277964,0.38018557,1.1920929e-07
Budapest Főváros XXIII. Kerület Soroksár Önkormányzata,Issuer,15735863243,1,-0.016207965,0.20313714,-0.5199257,0.53146374,2.3055382,16,0.0,0.0314304934819385,0.0020837952878654566,0.004975124378109453,0.21465572296993637,0.44775957,2.3841858e-07
IPOLY ERDŐ Zártkörűen Működő Részvénytársaság,Issuer,11202983212,9,0.004663592,0.21356459,-0.49929342,0.49747312,2.4167836,17,0.0,0.01754568737499835,0.002148734862017601,0.004975124378109453,0.19545131485429992,0.42790756,0.0
Szent István Egyetem,Issuer,15329767213,0,-0.0145165585,0.20148677,-0.47470585,0.41366044,2.2854712,18,0.0,0.02961419954067325,0.0021660699417597688,0.004975124378109453,0.21196832737719853,0.45105827,2.3841858e-07
"Magyar Nemzeti Vagyonkezelő Zártkörűen működő Részvénytársaság|Dunántúli Regionális Vízmű Zártkörűen Működő Részvénytársaság|NHSZ Észak-KOM Hulladékgazdálkodási Közszolgáltató Nonprofit Korlátolt Felelősségű Társaság|Grand Tokaj Zártkörűen Működő Részvénytársaság|Hortobágyi Halgazdaság Zrt.|NHSZ TISZA Nonprofit Korlátolt Felelősségű Társaság|NHSZ Gyöngyösi Regionális Hulladékkezelő Korlátolt Felelősségű Társaság|ÉKKO Építőipari, Közszolgáltató, Kereskedő és Oktató Kft.|DMRV Duna Menti Regionális Vízmű Zártkörűen Működő Társaság|Tiszavíz Vízerőmű Energetikai Korlátolt Felelősségű Társaság|Szegedi SZEFO Fonalfeldolgozó zártkörűen működő részvénytársaság|ATEV Fehérjefeldolgozó Zrt.|NHSZ Miskolc Környezetvédelmi és Hulladékgazdálkodási Kft.|NHSZ Zöldfok Településgazdálkodási és Kommunális Zrt.|Kincsem Nemzeti Lóverseny és Lovas Stratégiai Korlátolt Felelősségű Társaság|MAVIR Magyar Villamosenergia-ipari Átviteli Rendszerirányító Zártkörűen Működő Részvénytársaság|Bay Zoltán Alkalmazott Kutatási Közhasznú Nonprofit Korlátolt Felelősségű Társaság|NHSZ Csobánc Kft.|PRIV-DAT Dokumentum Archiváló és Tároló Kft.|NHSZ Hevesi Városfenntartó Környezetvédelmi és Hulladékgazdálkodási Nonprofit Korlátolt Felelősségű Társaság|KIVING Ingatlangazdálkodó és Beruházásszervező Korlátolt Felelősségű Társaság|Nitrokémia Környezetvédelmi Tanácsadó és Szolgáltató Zártkörűen működő részvénytársaság|NHSZ Vértes Vidéke Hulladékgazdálkodási Nonprofit Korlátolt Felelősségű Társaság|NHSZ Tatabánya Hulladékgazdálkodási és Környezetvédelmi Zrt.|NHSZ Biogáz Tatabánya Kft.|A.K.S.D. Városgazdálkodási Korlátolt Felelősségű Társaság|NHSZ Tapolca Nonprofit Kft.|Északdunántúli Vízmű Zártkörűen Működő Részvénytársaság|ÉRV. Északmagyarországi Regionális Vízművek Zártkörűen Működő Részvénytársaság|Vasútegészségügyi Szolgáltató Nonprofit Közhasznú Korlátolt Felelősségű Társaság|BORSODVÍZ Önkormányzati Közüzemi Szolgáltató Zártkörűen működő Részvénytársaság|Bányavagyon-hasznosító Nonprofit Közhasznú Korlátolt Felelősségű Társaság|Tiszamenti Regionális Vízművek Zártkörűen Működő Részvénytársaság",Issuer,14077340244|11226002244|24779098210|11069296205|11153250209|13262275216|24338419210|11150099209|10863877244|10923452215|11090036206|10893661244|11385806205|11227209214|23581078242|12550753244|23497980243|25005095219|12376564243|11164542210|12685776241|11327646219|24121567211|11183525211|23304855211|10678750209|11520980219|11186748211|11069186205|18159422242|11072092205|22143200243|11265832216,4,-0.0057775974,0.20382562,-0.5954144,0.4305036,2.3069499,22,0.0,0.03404764974170081,0.0022426982785919525,0.004975124378109453,0.21881706170279458,0.45314664,0.0
"Állami Egészségügyi Ellátó Központ|Koch Róbert Kórház és Rendelőintézet|Soproni Erzsébet Oktató Kórház és Rehabilitációs Intézet|Felső-Szabolcsi Kórház|Veszprém Megyei Tüdőgyógyintézet, Farkasgyepű|Péterfy Sándor Utcai Kórház - Rendelőintézet Országos Traumatológiai Intézet|Lumniczer Sándor Kórház-Rendelőintézet|Uzsoki Utcai Kórház|Siófoki Kórház|Fejér Megyei Szent György Egyetemi Oktató Kórház|Tüdőgyógyintézet Törökbálint|Dél-pesti Centrumkórház - Országos Hematológiai és Infektológiai Intézet|Kátai Gábor Kórház|Jász-Nagykun-Szolnok Megyei Hetényi Géza Kórház-Rendelőintézet|Jahn Ferenc Dél-pesti Kórház és Rendelőintézet|Csongrád Megyei Egészségügyi Ellátó Központ Hódmezővásárhely-Makó|Kanizsai Dorottya Kórház|Országos Orvosi Rehabilitációs Intézet|Heim Pál Országos Gyermekgyógyászati Intézet|Hévízgyógyfürdő  és Szent András Reumakórház|Bajcsy-Zsilinszky Kórház és Rendelőintézet|Békés Megyei Központi Kórház|Csongrád Megyei Mellkasi Betegségek Szakkórháza|Sátoraljaújhelyi Erzsébet Kórház|Szabolcs-Szatmár-Bereg Megyei Kórházak és Egyetemi Oktatókórház|Mátrai Gyógyintézet|Nagykőrösi Rehabilitációs Szakkórház és Rendelőintézet|Szent Borbála Kórház|Borsod-Abaúj-Zemplén Megyei Központi Kórház és Egyetemi Oktatókórház|Szent János Kórház és Észak-budai Egyesített Kórházak|Csolnoky Ferenc Kórház|Jászberényi Szent Erzsébet Kórház|Petz Aladár Megyei Oktató Kórház|Károlyi Sándor Kórház|Orosházi Kórház|Dr. Kenessey Albert Kórház - Rendelőintézet|Országos Korányi Pulmonológiai Intézet|Szent Lázár Megyei Kórház|Markusovszky Egyetemi Oktatókórház|Bajai Szent Rókus Kórház|Gróf Tisza István Kórház|Somogy Megyei Kaposi Mór Oktató Kórház|Tolna Megyei Balassa János Kórház|Markhot Ferenc oktatókórház és Rendelőintézet|Országos Onkológiai Intézet|Nyírő Gyula Országos Pszichiátriai és Addiktológiai Intézet|Karolina Kórház- Rendelőintézet|Toldy Ferenc Kórház és Rendelőintézet",Issuer,15324683243|15439196205|15367716208|15402570215|15426211219|15492320242|15367307208|15492674242|15397029214|15360025207|15395807213|15490342243|15408583216|15408057216|15491020243|15355038206|15433750220|15309790243|15490335242|15813729220|15490902242|15833954204|15355715206|15352176205|15813743215|15309824210|15395182213|15384065211|15837501205|15490359243|15813671219|15813712216|15366052208|15493091241|15346487204|15450353212|15309783243|15450054212|15813860218|15336282203|15372019209|15399526214|15416308217|15813839210|15309769243|15493125241|15367417208|15813688213,4,-0.007363979,0.20385182,-0.46833906,0.46230668,2.3078241,22,0.0,0.03404764974170081,0.0022426982785919525,0.004975124378109453,0.21881706170279458,0.45562246,1.1920929e-07
Veszprém Megyei Jogú Város Önkormányzata,Issuer,15734202219,4,-0.011908858,0.20288748,-0.4337108,0.4295726,2.2993605,22,0.0,0.03404764974170081,0.0022426982785919525,0.004975124378109453,0.21881706170279458,0.45187274,-1.7881393e-07
"Állami Egészségügyi Ellátó Központ|Toldy Ferenc Kórház és Rendelőintézet|Zirci Erzsébet Kórház-Rendelőintézet|Hévízgyógyfürdő  és Szent András Reumakórház|Károlyi Sándor Kórház|Szent Rókus Kórház és Intézményei|Szent Margit Kórház|Tolna Megyei Balassa János Kórház|Uzsoki Utcai Kórház|Szigetvári Kórház|Pest Megyei Flór Ferenc Kórház|Koch Róbert Kórház és Rendelőintézet|Állami Szívkórház|Bajai Szent Rókus Kórház|Szent Lázár Megyei Kórház|Dél-pesti Centrumkórház - Országos Hematológiai és Infektológiai Intézet|Dr. Kenessey Albert Kórház - Rendelőintézet|Petz Aladár Megyei Oktató Kórház|Gróf Tisza István Kórház|Nagykőrösi Rehabilitációs Szakkórház és Rendelőintézet|Veszprém Megyei Tüdőgyógyintézet, Farkasgyepű|Szent Kozma és Damján Rehabilitációs Szakkórház|Máv Kórház-és Rendelőintézet, Szolnok|Országos Orvosi Rehabilitációs Intézet|Szakorvosi Rendelőintézet Szigetszentmiklós|Országos Reumatológiai és Fizioterápiás Intézet|Zala Megyei Szent Rafael Kórház|Misszió Egészségügyi Központ|Országos Onkológiai Intézet|Sátoraljaújhelyi Erzsébet Kórház|Szent Borbála Kórház|Szent János Kórház és Észak-budai Egyesített Kórházak|SZENT PANTALEON KÓRHÁZ - RENDELŐINTÉZET DUNAÚJVÁROS|Selye János Kórház|Lumniczer Sándor Kórház-Rendelőintézet|Jászberényi Szent Erzsébet Kórház|Oroszlányi Szakorvosi- és Ápolási Intézet|Országos Vérellátó Szolgálat|Deák Jenő Kórház|Jávorszky Ödön Kórház|Csongrád Megyei Egészségügyi Ellátó Központ Hódmezővásárhely-Makó|Albert Schweitzer Kórház- Rendelőintézet|Bajcsy-Zsilinszky Kórház és Rendelőintézet|Markusovszky Egyetemi Oktatókórház|Nyírő Gyula Országos Pszichiátriai és Addiktológiai Intézet|Heim Pál Országos Gyermekgyógyászati Intézet|Zsigmondy Vilmos Harkányi Gyógyfürdőkórház Nonprofit Kft.|Margit Kórház Pásztó|Csornai Margit Kórház|Gottsegen György Országos Kardiológiai Intézet|Kazincbarcikai Kórház Nonprofit Kft.|Bonyhádi Kórház és Rendelőintézet|Somogy Megyei Kaposi Mór Oktató Kórház|Parádfürdői Állami Kórház|Bugát Pál Kórház|Dombóvári Szent Lukács Kórház|Orosházi Kórház|Karolina Kórház- Rendelőintézet|Szent Imre Egyetemi Oktatókórház|Csongrád Megyei Dr. Bugyi István Kórház|Batthyány Kázmér Szakkórház|Keszthelyi Kórház|Soproni Erzsébet Oktató Kórház és Rehabilitációs Intézet|Szent László Kórház|Tüdőgyógyintézet Törökbálint|Jász-Nagykun-Szolnok Megyei Hetényi Géza Kórház-Rendelőintézet|Kátai Gábor Kórház|Gróf Esterházy Kórház és Rendelőintézeti Szakrendelő|Komlói Egészségcentrum, Bányászati Utókezelő és Éjjeli Szanatórium Egészségügyi Központ|Felső-Szabolcsi Kórház|Csolnoky Ferenc Kórház|Vaszary Kolos Kórház Esztergom|Almási Balogh Pál Kórház|Mátrai Gyógyintézet|Bács-Kiskun Megyei Kórház a Szegedi Tudományegyetem Általános Orvostudományi Kar Oktató Kórháza|Jahn Ferenc Dél-pesti Kórház és Rendelőintézet|Mezőtúri Kórház és Rendelőintézet|Borsod-Abaúj-Zemplén Megyei Központi Kórház és Egyetemi Oktatókórház|Szabolcs-Szatmár-Bereg Megyei Kórházak és Egyetemi Oktatókórház|Siófoki Kórház|Országos Klinikai Idegtudományi Intézet|Országos Korányi Pulmonológiai Intézet|Fejér Megyei Szent György Egyetemi Oktató Kórház|Markhot Ferenc oktatókórház és Rendelőintézet|Kiskunhalasi Semmelweis Kórház|Kanizsai Dorottya Kórház|Csongrád Megyei Mellkasi Betegségek Szakkórháza|Péterfy Sándor Utcai Kórház - Rendelőintézet Országos Traumatológiai Intézet|Magyar Imre Kórház|Mohácsi Kórház|Békés Megyei Központi Kórház|Nagyatádi Kórház",Issuer,15324683243|15813688213|15430991219|15813729220|15493091241|15395797242|15799799241|15416308217|15492674242|15813705202|15395814213|15439196205|15309848219|15336282203|15450054212|15490342243|15450353212|15366052208|15372019209|15395182213|15426211219|15492894213|15307712216|15309790243|15393386213|15309738241|15432742220|15813822213|15309769243|15352176205|15384065211|15490359243|15791942207|15385176211|15367307208|15813712216|15813736211|15329365243|15813846219|15395436213|15355038206|15813774210|15490902242|15813860218|15493125241|15490335242|22265324202|15450061212|15367187208|15315386243|14514166205|15415194217|15399526214|15328931210|15822648210|15813781217|15346487204|15367417208|15492564243|15355409206|15384072211|15433286220|15367716208|15420978218|15395807213|15408057216|15408583216|15429427219|15813815102|15402570215|15813671219|15388117211|15822631205|15309824210|15336062203|15491020243|15813695216|15837501205|15813743215|15397029214|15309752242|15309783243|15360025207|15813839210|15813853203|15433750220|15355715206|15492320242|15429733219|15330389202|15833954204|15822655214,7,0.010097753,0.18819304,-0.4324952,0.4632624,2.1322238,17,0.0,0.03532194341898526,0.0021208854161388468,0.004975124378109453,0.2224101169031689,0.46249253,0.0
Nemzeti Kommunikációs Hivatal|Agrármarketing Centrum Nonprofit Korlátolt Felelősségű Társaság,Issuer,15827186241|25593343241,8,0.017967528,0.25275075,-0.46308094,0.67288613,2.8667648,16,0.0,0.0022141863714951466,0.0023405812193810164,0.004975124378109453,0.16660241229277964,0.39328015,-1.1920929e-07
Heim Pál Országos Gyermekgyógyászati Intézet,Issuer,15490335242,2,0.0034166733,0.21265377,-0.52319163,0.5418012,2.406213,20,0.0,0.03639488081376739,0.002192719212238562,0.004975124378109453,0.2209588273964598,0.46068174,3.5762787e-07
SZENT PANTALEON KÓRHÁZ - RENDELŐINTÉZET DUNAÚJVÁROS,Issuer,15791942207,6,-0.0062068794,0.19288422,-0.41987747,0.4153761,2.1833656,27,0.0,0.05744883060799789,0.0021084905407155806,0.004975124378109453,0.23232892143058295,0.46964347,0.0
Gottsegen György Országos Kardiológiai Intézet,Issuer,15315386243,6,-0.009228643,0.18279895,-0.41167036,0.4234678,2.070768,27,0.0,0.05744883060799789,0.0021084905407155806,0.004975124378109453,0.23232892143058295,0.48635384,0.0
Nyírő Gyula Országos Pszichiátriai és Addiktológiai Intézet,Issuer,15493125241,2,0.010353514,0.19900844,-0.5512393,0.5333869,2.2545686,20,0.0,0.03639488081376739,0.002192719212238562,0.004975124378109453,0.2209588273964598,0.46736002,-1.1920929e-07
BVH Budapesti Városüzemeltetési Holding Zártkörűen Működő Részvénytársaság|Budapesti Temetkezési Intézet Zártkörűen Működő Részvénytársaság|Fővárosi Önkormányzati Rendészeti Igazgatóság|Érd és Térsége Csatorna-szolgáltató Korlátolt Felelősségű Társaság|BKK Budapesti Közlekedési Központ Zártkörűen Működő Részvénytársaság|FŐKÉTÜSZ Fővárosi Kéményseprőipari Korlátolt Felelősségű Társaság|Fővárosi Közterület-fenntartó Zártkörűen Működő Nonprofit Részvénytársaság|Budapesti Távhőszolgáltató Zrt|Fővárosi Csatornázási Művek Mélyépítő Korlátolt Felelősségű Társaság|Budapesti Közlekedési Zártkörűen Működő Részvénytársaság|Fővárosi Csatornázási Művek Zrt.|Érd és Térsége Regionális Víziközmű Korlátolt Felelősségű Társaság|Szegedi Vízmű Zrt.|Fővárosi Vízművek Zártkörűen Működő Részvénytársaság|Fővárosi Kertészeti Zártkörűen Működő Nonprofit Részvénytársaság,Issuer,23024216241|10987553241|15493235241|23921917213|23028966444|12109584242|12166602244|10941362244|12181502243|12154481444|10893850244|10819067213|12634048206|10898824244|10903894242,4,-0.006685237,0.20275258,-0.424369,0.44166788,2.2951303,22,0.0,0.03404764974170081,0.0022426982785919525,0.004975124378109453,0.21881706170279458,0.4513232,0.0
Szeged Megyei Jogú Város Önkormányzata,Issuer,15735629206,9,0.00415699,0.21199507,-0.53846484,0.52559185,2.3989115,17,0.0,0.01754568737499835,0.002148734862017601,0.004975124378109453,0.19545131485429992,0.44209036,-1.1920929e-07
Hungarofest  Nemzeti Rendezvényszervező Nonprofit Kft.,Issuer,18089996241,8,0.021760896,0.26056185,-0.5587836,0.5770128,2.9581833,16,0.0,0.003287905712135258,0.002355304147240222,0.004975124378109453,0.18229846728671584,0.38419917,-5.9604645e-08
p2m Consulting Szolgáltató és Tanácsadó Korlátolt Felelősségű Társaság|p2m Informatika Szolgáltató Korlátolt Felelősségű Társaság,Winner,14400496242|25719279242,8,0.027188282,0.27954292,-0.6172559,0.71781045,3.1775908,16,0.0,0.0007952828050097211,0.0023861005517979007,0.004975124378109453,0.15768074644240962,0.37167412,-2.3841858e-07
Kormányzati Informatikai Fejlesztési Ügynökség,Issuer,15598316241,6,0.04357966,0.22517426,-0.51302236,0.5649313,2.594829,27,0.0,0.010138819702010835,0.0022066226094038673,0.004975124378109453,0.20125967487968774,0.41077596,-5.9604645e-08
Nemzeti Egészségbiztosítási Alapkezelő,Issuer,15328106241,6,0.040755086,0.21445824,-0.4763525,0.54596484,2.4697418,27,0.0,0.010138819702010835,0.0022066226094038673,0.004975124378109453,0.20125967487968774,0.41852397,-5.9604645e-08
MKK Magyar Követeléskezelő Zártkörűen Működő Részvénytársaság,Issuer,12226483241,6,0.048119918,0.23037961,-0.48174626,0.62102395,2.6626973,27,0.0,0.010138819702010835,0.0022066226094038673,0.004975124378109453,0.20125967487968774,0.39987308,0.0
